driverId,name,ssn,location,certified,wage-plan
10,Sara Salazar,191-39-7364,"94654 Miller Radial
Port Christina, WY 96512",N,hours
11,Brandon Perez,052-43-4579,"3909 Ricardo Dam Apt. 051
Colemanborough, GU 36273",N,miles
12,Edward Flores,153-10-8935,"PSC 6408, Box 2287
APO AP 83949",N,hours
13,Nathan Carr,085-67-6709,"4804 Steele Locks
West James, WI 73011",Y,hours
14,Nancy Pope,871-06-5645,"5818 Sara Place Apt. 326
Jasmineberg, VT 60228",Y,miles
15,Randy Howard,157-38-6614,"79722 Gardner Point
East Julie, PA 16822",N,hours
16,Johnny Tucker,490-41-9551,"3581 Hanna Roads Suite 900
Port David, HI 80974",N,miles
17,Donna Harris,723-99-4072,"355 Wilson Pine
South Bonnieville, PR 35585",N,hours
18,Dawn Allen,013-40-4239,"24126 Trevor Heights
North Lauraview, MT 26006",Y,hours
19,Cody Zavala,509-17-0760,"368 Nancy Parkways Suite 127
Jonesmouth, GU 04185",Y,hours
20,Jeffrey Greer,621-16-9330,"3252 Joseph Rapid
Port Tylerland, AZ 30406",N,miles
21,Brandon Garcia,443-61-4523,"62677 Smith Lock
Carolinemouth, FM 90622",N,hours
22,Angela Williams,092-95-0151,"526 Luis Shoal
East Timothybury, IL 50373",Y,hours
23,Matthew Hanson,488-58-7158,"60748 Justin Drive Apt. 039
West Seanmouth, VA 84838",N,miles
24,Wesley Strong,521-06-1086,"7393 Dustin Square Apt. 672
Heatherchester, IA 35778",N,miles
25,Brianna Harvey,612-49-2405,"74429 Landry Street
New Lindsey, MP 40130",Y,miles
26,Summer Oliver,672-45-7064,"6462 Lauren Oval
East Jeffrey, ND 51482",Y,miles
27,Robert Ramos MD,259-36-2515,"3331 Gina Land Apt. 184
West Zacharystad, MH 72622",N,miles
28,Mark Robinson,791-72-4136,"8389 Jodi Place
Mccarthyport, RI 12266",N,hours
29,Michael Burton,217-72-5408,"118 Julia Shore
North Brianland, KS 51112",N,hours
30,Victor Hoffman,120-71-5585,"972 Hall View Apt. 433
Marcusmouth, AR 63439",Y,hours
31,Douglas Payne,703-08-3283,"141 Chad Isle
South Crystalmouth, SD 20760",N,hours
32,Joshua Fisher,533-10-1570,"8609 Connor Fall
Glennview, PW 46490",N,miles
33,Jennifer Martin,115-79-3212,"1467 Linda Via Apt. 395
Jenniferside, LA 59693",N,hours
34,Christian Jackson,201-54-2351,"520 William Ville Suite 258
Mendozafurt, HI 29867",Y,hours
35,Julia Perez,575-25-8667,"3002 Angela Meadow
Lanebury, TX 93890",Y,miles
36,William Ho,888-17-0747,"839 Jillian Burg Apt. 462
Carrillotown, FL 92867",N,hours
37,Jeffrey White,890-65-4984,"480 Christy Wells
Lake Lindaburgh, KY 86021",N,miles
38,Joan Martinez,488-40-8709,"62291 Brian Union
Frostport, DE 15091",Y,hours
39,Mrs. Morgan Kaufman MD,724-37-0699,"530 Dylan Hollow Suite 393
Paulton, MS 09400",N,hours
40,Lisa Johnson,176-13-0419,"5116 Dan Cove
Jacksonfurt, MN 29056",Y,hours
41,Ariana Thomas,043-80-5770,"830 Mark Corner
North Christina, AS 94630",Y,hours
42,William Glass,456-03-7724,"Unit 3712 Box 2916
DPO AE 03064",N,miles
43,David Phillips,802-53-1342,"5459 Richard Islands
East Eric, NY 79480",Y,miles
44,Kristin Silva,077-56-9866,"745 Paula Parks
Gregorymouth, VI 27683",Y,hours
45,Joanna Henry,451-86-3487,"789 Taylor Dale Suite 064
West Elizabethberg, FL 29759",N,miles
46,Gregory Khan,588-67-3090,"85824 April Loaf
Annaport, MP 37364",Y,miles
47,David Mcconnell,143-20-0914,"419 Harvey Ways
Oneillfort, NH 40111",N,hours
48,Michelle Johnston,867-63-6902,"3891 Marcus View Suite 448
West Daniellefurt, PA 73446",N,hours
49,Philip Adams,865-09-0104,"536 Penny Loop
Lynnbury, SD 35869",N,miles
50,Dawn Navarro MD,510-66-3470,"7559 Smith Land
Lake Jennifer, PA 09482",N,miles
51,Kathleen Jennings DVM,126-90-5393,"1148 Jackson Squares
South Debraville, TX 59810",N,hours
52,Jason Edwards,376-09-0977,"36310 Garcia Station
Christinestad, PW 26353",N,miles
53,Ms. Elizabeth Rodgers,657-77-2788,"PSC 7479, Box 3201
APO AA 87847",N,miles
54,Holly Ferguson,353-62-3415,"373 Lisa Ferry Apt. 822
Port Karen, PA 32250",Y,miles
55,Caleb Bennett,349-13-4491,"275 Stephanie Stream Suite 543
New Donald, OH 59285",N,hours
56,Jason Morris,638-13-2080,"4070 Collins Courts
Briannatown, WA 45962",N,hours
57,Heather Cox,594-27-2434,"5503 Gamble Union Apt. 706
Gutierrezside, GU 56890",N,hours
58,Geoffrey Mays,326-15-1528,"29872 Gonzalez Tunnel
Hollymouth, NC 79670",N,miles
59,Amanda Foster,854-13-6950,"6452 Julian Pine
Vegachester, OH 50348",N,miles
60,Aaron Briggs,376-91-8540,"5673 Cooper Square Apt. 765
Coreyhaven, ND 56973",Y,hours
61,Michael Thomas,877-26-9769,"6643 Mejia Cape Apt. 931
Kellerview, KY 08077",N,miles
62,Dr. Julie Ward,309-66-0369,"Unit 8087 Box 4192
DPO AP 42853",N,hours
63,Michael Davies,627-38-5192,"8474 Lewis Centers Apt. 273
North Thomas, GU 49488",N,hours
64,Kyle Wilson,701-63-9668,"522 Jenkins Junction
Kimshire, DE 67262",Y,miles
65,Charles Garcia,285-43-9339,"367 Hill Square
Port Michaelchester, NV 65398",N,hours
66,Brandon Adkins,340-98-6544,"0084 Carrillo Forks Suite 415
Tiffanyfurt, FM 80205",Y,hours
67,Eric Stafford,835-43-6247,"91432 Joseph Path
Patrickchester, NV 06521",N,miles
68,Denise Thomas,340-24-7372,"408 Deborah Crossing Apt. 516
Samanthastad, WY 41890",Y,hours
69,Rebecca Lindsey PhD,209-38-7642,"07985 Michael Landing Apt. 381
Walkerport, KY 78998",Y,hours
70,Dave Bailey,566-10-8014,"5730 Paul Stream
Valenciaport, CT 39863",N,miles
71,Amber Kim,643-68-4106,"57344 Bailey Islands Suite 146
Byrdfurt, WY 19877",N,miles
72,Sarah Crawford DDS,452-74-6314,"157 Pamela Keys Apt. 872
East Erica, CT 75188",Y,miles
73,Rickey Jackson,402-69-4852,"765 Collins Ports
New Tonyafurt, MT 69780",Y,hours
74,Emily Beltran,265-10-9224,"1388 Carl Hollow
Shermanside, TX 24145",N,hours
75,Amanda Thompson,701-30-5871,"58501 Yu Landing
Vickiemouth, HI 04800",Y,hours
76,Brian Hernandez,473-24-3946,"91454 King Hollow
West David, MP 61527",N,miles
77,Dr. Kristin Mcpherson,459-21-9712,"37350 Robert Park
New Christine, MH 61800",Y,miles
78,Andre Lopez,050-38-7933,"PSC 0468, Box 9333
APO AA 37852",Y,hours
79,Ryan Lopez,604-66-0901,"5781 Ware Mountain
Lake Tina, VI 84701",N,miles
80,Travis Wiggins,489-49-4125,"283 Walters Road Suite 723
Nicolemouth, OR 31175",N,miles
81,Jose Jackson,466-27-9724,"5956 Tina Landing
Zacharytown, WI 46825",Y,hours
82,Omar Gentry,352-73-9909,"88527 Kathy Ville Apt. 749
Knightmouth, VA 31629",Y,miles
83,Erik Rojas,525-33-6368,"598 Toni Plains Apt. 994
Houseborough, VI 79208",Y,hours
84,Bonnie Dodson,449-56-7856,"Unit 7831 Box 8610
DPO AP 85177",N,hours
85,Jennifer Sandoval,584-06-5373,"0145 Rodney Hill Suite 819
South Wesleyfort, MI 78423",Y,miles
86,Anthony Ross,494-23-5166,"34985 Hunter Shores
Wattschester, ME 12905",N,miles
87,Tony Hall,461-91-8810,"23358 Tim Expressway Apt. 383
North Jacob, MH 58533",Y,hours
88,Danielle Smith,373-30-4421,"163 Reeves Knoll Apt. 336
North Dawnbury, KS 87411",N,miles
89,Kaitlin Conner,081-04-6685,"749 Michael Lane Apt. 266
Andersenhaven, ME 85750",N,hours
90,Casey Francis,029-54-7325,"41868 Blake Lodge
South Roberta, SC 09332",N,hours
91,Susan Jenkins,336-94-1034,"0943 Oconnor Estates
Sarahchester, OK 43005",Y,miles
92,Deanna Hall,496-24-8817,"USCGC Moreno
FPO AE 24949",N,hours
93,Alexandria West,576-28-9483,"3509 Arnold Vista Apt. 022
Port Stevenstad, MS 34228",Y,hours
94,Jessica Lewis DDS,779-86-6851,"6149 Lisa Summit Suite 108
East Lindaville, TX 81387",N,miles
95,Mike Hoover,370-86-0991,"5748 Ferguson Stream
Brittanytown, OR 42877",N,hours
96,David Casey,851-53-6233,"03094 Michael Center
West Katelyn, AL 71478",Y,hours
97,Alyssa Davis,479-86-6610,"72648 Ferguson Springs Apt. 422
New Katherine, MN 55697",Y,hours
98,Michael Figueroa,528-83-4910,"926 Reed Spring Suite 710
Hugheston, MO 93016",Y,hours
99,Megan Crane,361-36-4968,"Unit 9866 Box 8930
DPO AA 94636",Y,hours
100,John Santiago,164-59-4985,"402 Maxwell Plains
Port Jasonborough, IA 05387",Y,hours
101,Lindsey Wallace,784-82-0267,"3286 Adrian Ville
North Mary, GA 22060",N,miles
102,Leonard Horton,467-23-3574,"USNS Smith
FPO AP 49178",N,hours
103,Scott Cox,656-58-2596,"725 Morrison Prairie Apt. 327
West Staceymouth, CA 33642",N,hours
104,Daniel Carroll,255-96-0356,"61011 Hunter Cliffs
Port Brandi, DC 06416",Y,miles
105,Jennifer Harrison,662-30-8191,"96513 Brown Village Suite 853
North Madisonport, PW 71379",Y,hours
106,Allison Beasley,327-77-3689,"357 Jones Cape Suite 486
West Samuel, MT 00754",N,hours
107,Rebecca Suarez,550-55-1999,"11489 Martin Mount
Beckland, ME 18448",N,miles
108,James Underwood,698-72-0814,"Unit 2677 Box 0777
DPO AP 81406",N,miles
109,Crystal Proctor,590-14-2692,"206 James Ramp
Markshire, KS 98875",N,hours
110,Zachary Russell,187-82-2473,"3454 Avila Neck Suite 681
Lake Christopher, FM 52416",N,miles
111,Nicole Rocha,369-30-7103,"PSC 8719, Box 1588
APO AE 76172",Y,miles
112,Teresa Bender,191-08-6860,"USS Walker
FPO AP 38853",Y,miles
113,Dr. Joshua Young,448-47-8627,"348 Patricia Mountains
West Jose, OK 59096",Y,hours
114,Gabriel Cook,455-76-0163,"0265 Harris Underpass
Cameronland, WV 95643",N,hours
115,Megan Casey,151-33-0790,"7807 Christopher Mill Suite 811
Josefort, WA 94732",Y,miles
116,Jennifer Nelson,865-80-5022,"Unit 2699 Box 9039
DPO AE 71773",Y,miles
117,Joshua Williams,606-34-7194,"96769 Howard Village
West Laura, SC 76793",Y,miles
118,Christina Morrow,572-17-8332,"USS Hall
FPO AA 08885",N,miles
119,Michael Logan,350-19-4255,"706 Brady Crest
North Sierra, GA 58179",N,miles
120,Kellie Dodson,057-51-1026,"505 Bennett Highway
Mitchellhaven, CO 62231",N,hours
121,Juan James,677-80-8574,"4329 Paige Square Suite 644
Port Angeltown, NH 67550",Y,miles
122,Sarah May,382-15-9046,"406 Stephanie Mews
Mistyborough, TX 58395",N,miles
123,John Ramirez,220-39-2425,"356 Molly Haven Suite 806
Lake Lanceberg, FL 73280",N,miles
124,Cody Long,518-43-0107,"685 John Shore Apt. 308
New Cody, OK 17073",N,hours
125,Ryan Giles,455-83-0982,"89674 Winters Meadow Apt. 811
Gonzalezborough, LA 35303",Y,miles
126,Manuel Rodriguez,163-47-2376,"90557 Salazar Brooks Apt. 400
Williamberg, TX 86925",Y,hours
127,Rebecca Kim,483-14-0616,"0410 Marcus Meadows
Jonathanmouth, DE 48953",N,miles
128,Michelle Ellis,358-71-8300,"Unit 1786 Box 7280
DPO AP 43293",Y,miles
129,Vanessa Watts,667-52-5537,"17777 Barbara Rue
Lake Johnland, AS 18440",N,miles
130,Dawn Walker,861-70-9695,"186 Thomas Points Apt. 318
Margaretland, PA 62432",Y,miles
131,Darlene Foley,689-93-9651,"018 Gardner Underpass Suite 791
Markburgh, OR 93840",N,hours
132,Karen Goodman,676-56-7663,"121 Timothy Wall
Baxterhaven, VT 25575",N,hours
133,Heather Matthews,072-51-0243,"78920 Erin Lodge Suite 351
Port Donna, OH 14830",N,miles
134,Brandon Stokes,897-43-2534,"956 Molly Drives Apt. 486
Lake Rachelport, MS 69254",Y,hours
135,Miguel Lucero,744-05-1643,"PSC 4742, Box 3755
APO AP 45690",N,miles
136,Loretta Campbell,368-78-4370,"1303 Kayla Hills
West Gabrielside, WA 99930",Y,hours
137,Stephen Burke,532-85-0194,"1582 Mccarthy Overpass Suite 023
Scottport, VI 39996",N,miles
138,Jasmine Morris,880-72-0342,"43474 Beck Port Apt. 369
Mcintoshfort, NC 11359",N,miles
139,Heather Good,661-77-6829,"PSC 0830, Box 7261
APO AP 50474",N,miles
140,Lori Davies,440-26-6070,"091 Kelly Knolls Apt. 203
Port Samantha, NM 91287",N,hours
141,Sonya Jackson,803-44-0233,"1049 Paul Springs
East Jonathan, OH 06828",N,hours
142,Charles Barnes,760-78-0191,"7442 Thomas Lodge
South Thomas, FM 13621",Y,hours
143,Whitney Porter,554-35-1272,"04928 Jocelyn Dale
Port Kevinview, AS 96968",Y,hours
144,Erin Carter,547-92-2073,"USNS Green
FPO AA 27252",Y,miles
145,Elaine Chandler,492-69-7340,"98800 Janet Ville Apt. 006
New Jaybury, WV 19079",Y,hours
146,Shawn Taylor,155-07-9982,"24409 Jones Spring Apt. 245
Port Kimberly, ME 70091",Y,miles
147,Jamie Tran,819-11-2330,"74518 Rebecca Forge
Thompsonhaven, NE 91037",Y,hours
148,Gina Lucas,754-06-8982,"257 Jennifer Views Apt. 259
South Rubenfurt, MN 25531",N,hours
149,Adam Moore,033-16-1323,"4707 Brooks Forest
Hernandeztown, TX 30265",Y,hours
150,Mark Schultz,777-37-7680,"1863 Reyes Drive Apt. 941
Karinaland, MO 00511",Y,miles
151,Samuel Ashley,598-92-5590,"Unit 7461 Box 6848
DPO AE 03372",N,miles
152,Daniel Patterson,503-51-8561,"2369 Chelsea Fields Suite 373
Gravesport, WA 22600",Y,hours
153,Ashley Santiago,641-69-3665,"USNV Beard
FPO AE 78406",Y,miles
154,Joanne Poole,511-19-3606,"31334 Melvin Freeway
Lake Jeremyberg, NE 71702",Y,hours
155,Crystal Simpson,496-42-5560,"86931 Scott Run
Baileytown, NV 18583",N,hours
156,Christina Evans,742-72-9704,"36727 Justin Springs
Jarvisfort, NJ 56900",N,miles
157,Ryan Gomez,013-62-2698,"2681 Lori Wall Suite 337
Lake Christopher, CO 89668",Y,hours
158,Brian Wall,498-22-9978,"8108 Steven Tunnel
Josephport, CO 60234",N,miles
159,Natalie Hogan,315-39-8481,"78941 Joshua Springs
Bakertown, ME 53285",N,hours
160,Joseph Adams,500-76-0425,"606 Davis Burgs Apt. 090
Waltonport, DC 99564",Y,hours
161,Noah Schwartz,584-52-0269,"1175 Carr Groves
Josephshire, WY 70223",Y,hours
162,Denise Sweeney,597-28-6095,"30353 Shea Place
Heidifurt, KY 16367",N,hours
163,Robert Kim,873-75-4950,"0208 Riley Ports Apt. 478
Bryanland, VT 17598",Y,miles
164,Courtney Smith,892-53-8558,"7098 Karen Lodge Apt. 634
West Thomasview, MH 33229",N,hours
165,Eric Keith,817-35-8916,"61481 Daniel Orchard
Dixonport, MI 72229",N,hours
166,Jay Martinez,401-48-9471,"60611 Tara Glens Suite 371
Maryland, OH 29356",N,miles
167,Rebecca Hernandez,180-35-6480,"27732 Andrea Squares Suite 831
North Ashley, PR 60745",N,hours
168,Paula Wilson,027-39-0379,"3763 David Parks
Lisaside, NC 71547",N,miles
169,Brett Gardner,555-67-3182,"9103 Robles Station
Emmaport, WI 46118",N,miles
170,Thomas Coleman,018-85-0821,"5886 Watson Turnpike Apt. 088
Port Donna, CA 01520",N,miles
171,Theresa Lee,704-88-1808,"55706 Holder Ford
Nicholeville, IN 41303",Y,hours
172,Joel Welch,818-04-9525,"67048 Bennett Mountain
South Jessica, RI 02377",N,miles
173,Ronald Roy,427-95-4108,"16563 Jennifer Squares Apt. 448
Travisbury, AR 68598",N,miles
174,Cassandra Walker,249-37-6006,"759 Irwin Motorway Suite 092
North Amber, MT 57722",N,miles
175,Rebecca Erickson,094-06-0887,"9807 Chavez Creek
Bowenmouth, NE 25524",N,miles
176,Samuel Tapia,116-66-3857,"9620 James Wall Apt. 704
South Andrew, VA 28870",N,hours
177,Jennifer Diaz,728-56-7601,"393 Kevin Squares
South Jeffreyton, MO 31353",N,hours
178,Sydney Wheeler,674-96-2205,"2953 Tyler Hollow Apt. 066
Williamsshire, WV 93596",N,hours
179,Kelly Mann,502-44-3794,"834 Brooks Ranch Apt. 981
Samanthaborough, SD 19974",N,hours
180,Jonathan Wilson,204-13-9661,"5172 Katherine Harbors Suite 284
New Danielfort, MO 09775",Y,hours
181,Sheila Moran,841-47-2435,"23185 Jones Green Apt. 558
Lake Gina, NY 35492",Y,hours
182,Sean Wood,422-69-9992,"853 Farley Island Apt. 111
Elliottshire, FM 11942",Y,hours
183,Erica Mullen,820-41-7781,"14035 Amy Fords Apt. 910
Deanville, FM 80816",Y,miles
184,Shawn Edwards,710-59-6431,"USNS Santos
FPO AE 95694",N,hours
185,Elizabeth Payne,461-76-5137,"6265 Teresa Ford
Jacquelineland, PA 88438",Y,hours
186,Crystal Cardenas,201-70-0087,"972 Cynthia Pike Apt. 437
West Jimmy, TX 67747",Y,hours
187,Melinda Jackson,363-62-9433,"52698 Bowman Keys Apt. 536
Cooperberg, OH 70554",Y,hours
188,Frank Charles,801-44-2289,"855 Karen Gardens Suite 285
North Angela, PW 86019",N,miles
189,Taylor Lynch,302-52-5681,"37887 Dudley Fort
Hobbston, DE 02674",Y,miles
190,Taylor Rodriguez,824-51-3222,"188 Pamela Loaf Suite 733
Andreaview, MI 85863",N,miles
191,Ashley Rogers,685-18-4465,"USNV Mercer
FPO AA 09078",N,hours
192,Donald Kennedy,821-57-6970,"42695 Mccarty Motorway Suite 490
North Tammy, OK 78310",N,miles
193,Jerry Rodriguez,246-36-9819,"PSC 6848, Box 0698
APO AE 43558",N,miles
194,Eddie Harrington MD,739-68-5913,"727 Nicholas Streets Apt. 094
Emilybury, GA 85593",N,miles
195,Cassandra Johnson,446-96-7072,"961 John Walk Suite 315
North Bryan, KS 23381",Y,miles
196,Andrea Hicks,021-66-6888,"460 Henry Pine
Sarahside, WI 16323",Y,miles
197,Shelby Harrison,729-44-4372,"68713 Mendoza Island Apt. 362
Alanborough, OH 27933",Y,miles
198,Jeremy Williams,560-82-6610,"71446 Schmidt Walks Suite 317
Brucemouth, NH 28494",Y,miles
199,Krystal Maynard,253-13-5709,"93074 Mark Shoals Apt. 608
Morabury, MP 77178",Y,miles
200,Madison Morales,867-46-6240,"47460 Richard Shoals
Lynnville, MI 94706",Y,miles
201,Victoria Ford,500-24-6014,"97542 Timothy Radial
Port Rickeyton, PR 93673",Y,miles
202,Charles Davis,557-10-2484,"USNV Campbell
FPO AE 48867",N,hours
203,John Coleman,848-97-5151,"57726 Charles Expressway Apt. 994
Davidsonfurt, CA 49303",N,miles
204,Thomas Lewis,648-29-1559,"248 Mcintosh Circles Apt. 498
Brownland, SC 73050",Y,miles
205,Laura Warren,235-42-5117,"99430 Heather Ville
New Valerietown, CO 88027",Y,hours
206,Anita Perkins,182-81-4809,"483 Megan Junctions Suite 944
Leslieview, RI 53380",Y,miles
207,Brian Adams,140-82-0189,"13776 Andrea Coves
Contrerasshire, SD 94423",Y,hours
208,Brandon Mckenzie,167-74-7046,"7956 Benjamin Wells
Spearsland, ND 63476",N,hours
209,Todd Hawkins,669-96-1274,"491 Fleming Port
Williamsstad, OK 00973",Y,hours
210,Gary Johnson,756-12-7630,"323 Jesus Via
New Katelynhaven, TN 40809",N,miles
211,Christina Kelly,859-75-6518,"135 Howard Manors
New Judithhaven, UT 66388",Y,hours
212,Robert Hunt,547-84-8962,"04921 Hernandez Inlet Apt. 600
New Kristenville, OH 91033",Y,hours
213,Randy Wilson,412-13-9459,"39436 Martinez Estate
Garystad, WI 85545",Y,miles
214,Anne Frank,312-68-5573,"25835 Walker Extension Apt. 609
Rachelmouth, NY 10132",Y,miles
215,Vanessa Sanchez,766-79-6611,"USNV Johnson
FPO AP 03252",Y,hours
216,James Heath,799-81-1115,"99106 Dudley Springs
Port Adam, WY 94400",Y,miles
217,Heather Navarro,868-78-6814,"PSC 3742, Box 6557
APO AP 69182",N,hours
218,Leah Perez,232-23-5872,"43443 Martinez Streets
Port Kathy, CT 34699",Y,hours
219,Douglas Martin,858-42-1425,"197 Chavez Tunnel Suite 146
New Ericchester, AL 42273",Y,hours
220,John Cox,047-32-7011,"26288 Cook Drive Apt. 094
Douglaston, MA 49908",Y,hours
221,Shannon Jimenez,639-71-2352,"7519 Reyes Mission
Port Vernonland, IN 75932",N,hours
222,Hannah Turner,864-18-6360,"670 Carolyn Mountains
Robbinshaven, CO 61105",N,hours
223,Leslie Anderson,703-33-6191,"164 Angelica Station
South Bradleymouth, MN 03000",Y,hours
224,Rachel Reid,833-12-6028,"6847 Jon Underpass Suite 793
Shelbymouth, TN 00801",N,hours
225,Brian Anthony,345-68-1291,"150 Lori Prairie Apt. 093
West Scottburgh, VT 41101",N,hours
226,Amy Gibson,140-93-3824,"906 Ross Union
East Ryanfort, AZ 74015",N,hours
227,Nicholas Rhodes Jr.,287-56-9660,"83187 Wilson Estate Suite 573
Lake David, WY 91519",N,hours
228,Kathryn Scott,777-74-4255,"266 Kristen Shoal Suite 669
North Paul, WY 19947",N,miles
229,Janet Singh,052-07-8397,"71583 Donna Lodge
East Ericmouth, ND 43006",N,miles
230,Stephanie Mckinney,254-86-8377,"2517 Hamilton Flats Apt. 454
East April, AR 56650",N,miles
231,Thomas Barnes,532-97-0141,"725 Kimberly Brook
New Aaronborough, KS 56086",N,miles
232,Christopher Gibbs,737-18-9671,"6315 Clifford Roads Suite 942
Velasquezfurt, TN 56084",N,miles
233,Edwin Valentine,265-50-9266,"14289 Eric Ville Suite 068
East Edwardside, AR 58866",Y,hours
234,Melissa Morris,483-24-3756,"USNS Freeman
FPO AA 30385",N,hours
235,Robin Park,502-35-8867,"7546 Joshua Parkway Suite 462
Christinaton, OR 21269",Y,miles
236,Derek Kelly,749-44-4251,"12875 Julie Estates Apt. 220
East Loriview, FM 65797",Y,hours
237,Cory Mann,578-93-9840,"0024 Hoover Radial Suite 562
Christophermouth, NY 18576",Y,hours
238,Donna Perez,059-17-9348,"81324 Sandra Landing Suite 411
West Ashley, NJ 67363",Y,hours
239,Beverly Gregory,597-28-0800,"5035 Romero Canyon
Robertshaven, OK 86907",Y,miles
240,James Collins,400-81-4041,"50430 Edwards Neck Apt. 155
New Theresashire, AZ 94476",N,hours
241,Mary Green,213-25-2090,"00282 Brian Cove Apt. 734
Luiston, HI 90452",N,hours
242,Bryan Ellis,011-76-8103,"91126 Martin Village Apt. 743
Port Lindsay, AS 59838",N,miles
243,Alexis Eaton,609-72-7029,"2169 Reid Divide
Cruzchester, FL 38482",N,miles
244,Nicholas Mann,823-19-1898,"0837 Barber Row
Burkeberg, SC 18830",N,miles
245,Katie Chen,790-49-6882,"45748 Johnny Passage
Andresland, PW 77705",N,miles
246,Kimberly Stephens,722-18-3439,"500 Sean Spring Apt. 628
Garciaville, OH 80721",Y,miles
247,Stephanie Winters,574-12-4745,"728 Kelly Lake
West Kristie, CT 31691",N,hours
248,Elizabeth Woods,202-23-1181,"731 Hill Flat Suite 129
Angelaview, CO 99247",N,miles
249,Mitchell Martinez,271-24-6747,"191 Gonzalez Shore
New Rhondafort, OK 20709",N,hours
250,Robert Martinez,864-55-2425,"20168 Green Manor Apt. 666
Phillipsport, ME 85472",N,miles
251,Maria Davis,306-87-6106,"66405 Sara Springs Apt. 587
Kevinborough, ME 53511",Y,hours
252,Melanie Bryant,791-91-4286,"47960 Clayton Roads Apt. 437
Danielleshire, PW 22123",Y,hours
253,Stephanie Morales,761-90-9934,"2050 Elizabeth Drives Apt. 343
New Kristen, MN 36144",Y,hours
254,James Drake,546-06-6982,"76145 Kimberly Highway
Davidfort, PA 15973",N,hours
255,Corey Davis,266-15-7323,"87381 Sharon Knoll Suite 302
North Jeremiahview, AK 69223",N,hours
256,Mary Collier,313-57-3128,"727 Logan Cliff
South Patrick, HI 51760",Y,miles
257,Danielle Martin,428-35-7752,"6701 Becker Lake Apt. 252
Lake Miguelberg, KY 59306",Y,hours
258,Christina Walker,467-92-1271,"392 Kelly View Suite 005
South Josephstad, UT 30312",N,miles
259,Charles Wright,608-39-6017,"800 Angela Springs
North Jamie, WI 41427",Y,miles
260,Sharon Martin,782-45-8128,"19256 Roberts Trafficway
Lake Michael, PW 40644",Y,miles
261,Juan Shea,508-39-3428,"8242 Julie Tunnel Apt. 583
North Micheleport, TN 96171",Y,miles
262,Nicholas Romero,713-64-2368,"96661 Molly Isle
Heidifort, VA 31446",N,miles
263,Alan Jordan,719-90-5757,"715 Grimes Village Suite 693
West Nancyhaven, AZ 85593",Y,hours
264,Nicholas Moore,502-33-8618,"5393 Archer Avenue
West William, MO 07211",N,hours
265,Anthony Anderson,593-86-1432,"0444 Tracy Meadow Suite 064
Port Donaldmouth, AZ 64829",N,miles
266,Michelle Gutierrez,852-69-6723,"431 Williams Grove Suite 164
New Lucas, AR 28677",Y,miles
267,Monique Barber,893-09-9094,"5869 Schneider Mills
New Brandiburgh, MA 03845",Y,hours
268,Heather Garcia,010-40-8413,"34536 Richard Run Suite 190
Mejiafurt, HI 60020",Y,hours
269,Kelly Mccoy,099-29-8378,"47855 Long Station
South Brandonville, WI 50207",N,miles
270,Crystal Jones,009-03-6222,"5144 John Landing
Patricialand, LA 87185",N,hours
271,John Torres,445-63-8331,"864 Michelle Alley Suite 806
Port Cassandra, LA 88212",Y,miles
272,Teresa Ali,405-86-2632,"3609 Pittman Field
Lorihaven, KY 12342",Y,hours
273,Sydney Jackson,219-85-3166,"2409 Kennedy Ridge
East Joeland, IN 77369",Y,miles
274,Mrs. Amy Johnson PhD,142-95-9861,"53539 Graham Branch
Kimberlyborough, CA 48012",N,miles
275,Vincent Warren,363-78-9704,"750 Michael Gateway
Thompsonland, KS 06013",N,hours
276,Megan Murphy,158-90-4318,"2832 Bailey Stream
New Kevin, GU 25546",N,hours
277,Brian Fitzgerald,712-30-4074,"125 Wright Orchard Suite 806
Ryanside, KY 04419",N,hours
278,Nicholas Harrington,428-47-6904,"2141 Henderson Hills
Lake Emily, OK 29366",Y,miles
279,Kristy Hill,418-95-4692,"92882 Lee Court Suite 342
Lynchborough, SD 41127",N,hours
280,Amy House,678-22-1116,"6617 Hanson Fords Apt. 550
Timothymouth, SD 53354",Y,miles
281,Adam Lopez,214-60-6819,"5881 Patty Rapid
New Joshuamouth, TX 32954",Y,miles
282,Daniel Mcmahon,029-38-3655,"0432 Gwendolyn Road
South Oliviafort, MP 13510",N,hours
283,Erica Campbell,157-18-4704,"50009 Nelson Tunnel Apt. 950
Kelseyfurt, MD 56538",Y,miles
284,Lori Nixon,184-96-9814,"5864 Mary Squares Suite 947
Hollandborough, WY 21320",Y,hours
285,David Wilson,297-40-5136,"97813 Phillips Unions
Amandaton, NM 93408",N,hours
286,Daniel Owens,106-37-9701,"7927 Sue Plains
North Bobbyside, AZ 62977",N,hours
287,Robert Holland,717-44-1252,"065 Strickland Corners Suite 712
Anthonystad, NV 89148",Y,hours
288,Shirley Keller,349-66-8135,"694 Daniel Locks
South Patrick, MN 52742",Y,miles
289,Gregory Love,823-69-7994,"685 Nancy Lodge Suite 229
East Janetfort, TN 42694",N,hours
290,Sarah Thomas,471-07-3090,"96488 Jeffrey Causeway Apt. 328
Elizabethmouth, ME 30009",N,hours
291,Jeffrey Lynn,668-93-2633,"USNS Peters
FPO AP 38372",Y,hours
292,Lisa Bailey,367-53-6471,"74988 Joshua Harbor
New Matthew, CT 34641",Y,miles
293,Ebony Ayers,066-27-7375,"517 Bentley Ports Suite 835
Knightport, AZ 47373",N,hours
294,Christina Henry,636-39-2833,"20932 Donna Roads Suite 056
North Roy, ME 73461",N,hours
295,Steven Smith,640-06-7151,"007 Nicholas Rest Apt. 935
Lake Danielport, MH 18626",Y,hours
296,Mike Ayala,766-01-3084,"USNS Davis
FPO AP 91950",Y,hours
297,Kyle Lara,171-92-6589,"8162 Diane Squares
Jasonborough, PA 52326",Y,miles
298,Lynn Valdez,124-98-8313,"343 Angela Coves
Jamestown, NV 66994",Y,miles
299,Bryan Carrillo,236-30-9986,"46854 Ashley Squares
East Dawn, NV 18040",N,miles
300,Chelsea Smith,887-61-2797,"Unit 8368 Box 6241
DPO AP 00765",N,hours
301,Douglas Williams,291-24-9394,"USS Mayer
FPO AE 39248",Y,miles
302,Jillian Walker,262-94-1759,"52695 Natasha Squares Apt. 668
South Gregory, ND 48893",Y,hours
303,Laura Chambers,547-80-6412,"413 George Village
Port Omarburgh, WY 76487",Y,miles
304,David Long,168-39-9491,"82509 Jacob View Apt. 555
Williamland, NM 94596",Y,miles
305,Maria Johnson,808-33-9050,"Unit 1092 Box 8599
DPO AE 15763",Y,miles
306,Jennifer Byrd,108-99-5598,"71578 Lewis Place Suite 550
Pedroshire, AS 19798",N,hours
307,Brandon Wright,767-62-6550,"5979 Joshua Ways Apt. 210
North Sydneyport, MP 26687",Y,hours
308,Kelly Patel,418-32-6440,"4660 Christopher Ports Suite 784
Wardhaven, FL 31652",Y,hours
309,Daniel Mejia,229-73-9813,"8443 Johnson Island Suite 570
North Jamesmouth, OK 39906",N,miles
310,Margaret Blackwell,760-29-0509,"54025 Tucker Track
Mcneiltown, NC 56847",Y,hours
311,Linda Jones,452-51-5557,"2517 Elizabeth Hills Suite 726
East Shawnborough, RI 89184",Y,miles
312,Kelly Martinez,502-59-6072,"253 Watson Field
Morantown, CO 29118",N,hours
313,Devin Herrera,602-78-4920,"608 Hill Drives
Lisaburgh, AK 30228",N,miles
314,Angela Johnson,531-77-8029,"8897 Sarah Canyon Suite 668
North Matthewville, VI 17002",N,miles
315,Deanna Young,644-98-9524,"6479 Archer Crescent
New Jasonton, KY 62526",Y,hours
316,Robert Kelly,141-13-7382,"567 Heather Crest Apt. 720
Port Omar, AL 54224",N,miles
317,Katrina Thompson,620-15-2596,"47982 Brenda Greens Suite 627
Lake Jeffreymouth, TX 55965",Y,miles
318,Rebecca Hernandez,639-66-0859,"99826 Potter Drives Apt. 084
Port Anthony, UT 68621",Y,hours
319,Miranda Hartman,188-02-1253,"6337 Jones Coves Apt. 587
Gregoryfurt, KY 68509",Y,hours
320,Susan Scott,075-14-2229,"405 Moss Knoll
Ashleyhaven, OK 49138",Y,hours
321,Eric Garcia,709-03-1405,"422 Alice Haven Apt. 377
Freemanside, RI 75685",N,hours
322,Tracy Rivera,355-72-2659,"01740 Terri View Apt. 377
Johnsburgh, TN 84292",N,hours
323,Luis Padilla,862-20-1694,"338 Smith Ports
East Jeffreybury, WV 87871",Y,miles
324,Kelsey Joseph,327-04-6408,"647 Brandon Flats Suite 678
Davidhaven, AZ 30669",Y,miles
325,Lisa Young,022-81-7653,"9929 Gabriel Villages
North Tiffany, MD 33269",Y,miles
326,Justin Lee,780-44-4918,"944 Woodard Rapid
Lake Melissa, WY 80150",N,hours
327,Fernando Griffin,445-13-0120,"903 Henderson Crescent Suite 801
East Sarahton, AZ 64827",Y,hours
328,Amanda Liu,479-14-3737,"4102 Lisa Ramp
North Chrischester, NE 92726",Y,miles
329,Lisa Avila,322-61-1108,"260 Hall Mount
East Debra, NV 21562",N,miles
330,Linda Faulkner,244-18-6490,"362 Brooke Passage Apt. 789
East Gary, CA 08462",Y,miles
331,Scott Haas,777-95-1908,"4559 Logan Extensions
Christophermouth, MH 84797",N,miles
332,Emily Howell,844-73-6376,"86765 Shannon Mountain
Toddborough, NE 04157",N,hours
333,Jason Sullivan,279-41-1733,"679 Michael Islands Apt. 487
South Lauren, IL 19679",Y,miles
334,Donna Lopez,602-22-8196,"433 Tiffany Brooks Suite 807
Barneshaven, TN 56820",N,miles
335,Erika Benson,057-12-8435,"492 Monique Island Apt. 163
Meganland, KS 30743",Y,hours
336,Julie Rollins,230-82-1747,"2826 Clinton Centers
South Emily, NY 34665",Y,hours
337,Samantha Tucker,427-54-6123,"USNS Cummings
FPO AP 11783",N,miles
338,Margaret Chavez,009-60-8774,"44194 Johnston Union
North Amy, AL 30378",Y,hours
339,Daniel Barrett,699-45-8854,"284 Mooney Tunnel Suite 033
North Teresaville, GU 46021",N,hours
340,Patrick Stewart,695-13-3140,"8003 Nathan Road
Brianburgh, AK 29528",Y,miles
341,Chad Smith,154-39-5279,"2884 Spence Island Apt. 047
East Danielborough, IN 79294",Y,miles
342,Sara Weaver,228-43-8360,"0075 Riggs Heights
Collinsside, OK 27370",N,hours
343,Joseph Wall,768-56-3455,"44440 Bennett Corners Suite 337
Shannonburgh, FM 67793",N,hours
344,John Hanson,220-49-9313,"64151 Christopher Villages
South Jacob, NY 11045",Y,hours
345,Christine Wolfe,292-38-3751,"USS Alvarez
FPO AE 30372",N,miles
346,Mary Johnson,198-11-4192,"625 Madeline Forest Suite 805
South Rebecca, DE 16431",N,miles
347,Michael Mcclain,750-89-5663,"3194 Kerr Port Apt. 817
East Cynthiaport, AZ 51068",N,hours
348,Melissa Smith,080-48-0886,"2473 Smith Springs
Scottport, KS 65249",N,miles
349,James Vargas,826-12-7613,"30601 Brian Track
New Colleenbury, IL 00866",Y,hours
350,Nicholas Bartlett,145-75-2420,"378 Calvin Court Suite 447
East Dylan, ND 75075",Y,miles
351,John Frey,870-65-9320,"44642 Diaz Street
Coleborough, AS 38165",Y,hours
352,Allison Valdez DVM,541-41-8359,"7742 Noah Plains
Stevensfurt, MI 36233",Y,miles
353,Nicholas Rodgers,303-41-6529,"0791 Johnson Spur
Garrettmouth, NV 40087",N,hours
354,Leslie Wood,189-95-0596,"705 Eugene Pine Suite 023
Smithland, WV 73101",Y,hours
355,Steven Jackson,796-19-6161,"Unit 1790 Box 3822
DPO AP 37446",Y,miles
356,Claire Vargas,143-38-5679,"5139 Sims Ramp
Lake Jessicahaven, GU 84915",N,hours
357,Monica Briggs,872-94-6984,"0568 Hannah Creek Suite 906
Davisstad, MN 69276",Y,hours
358,Diane Werner,625-71-3111,"07006 Jennifer Drives Suite 823
Port Robert, SC 04802",Y,miles
359,Jessica Cantu,835-10-3851,"USCGC Moore
FPO AE 94468",N,hours
360,Karen Smith,318-28-4762,"Unit 8939 Box 7211
DPO AP 56272",Y,hours
361,Crystal Kramer,226-28-5213,"2693 Morton Tunnel Suite 442
Marietown, NH 74010",Y,miles
362,Eric Ramirez,370-35-9613,"Unit 0591 Box 1909
DPO AP 12708",N,miles
363,Kristi Norton,302-09-1412,"597 Freeman Lodge Apt. 442
Samuelchester, GA 74956",N,miles
364,Angela Clark,322-50-5395,"038 Mason Prairie
Billyborough, NH 79277",N,miles
365,Michelle Blackburn,418-91-3405,"832 Robert Plaza Apt. 497
West April, HI 82355",Y,miles
366,Dennis Morton,555-34-7114,"5759 Byrd Green
Johnsonborough, WI 37837",N,hours
367,Luis Perez,761-82-0606,"370 Grimes Crossing
South Joshuastad, MD 15033",Y,hours
368,Terry Nunez,686-85-6094,"45444 Nicole Grove Suite 461
New Kennethtown, MI 86188",Y,miles
369,Paul Lara,436-45-7364,"2813 Derek Shoal
Johnnyland, TN 66196",Y,hours
370,Andrew Bean,256-76-4408,"PSC 4049, Box 2711
APO AP 37727",N,miles
371,Antonio Turner,393-87-3393,"3257 Jacobs Circle
Jessicaborough, WI 21180",N,miles
372,Patrick Hammond,090-99-1104,"PSC 4091, Box 9777
APO AP 78586",Y,miles
373,Donald Gordon,546-26-6273,"03439 Turner Place
North Laura, IN 73801",Y,hours
374,Gina Robinson,682-91-4308,"73857 Natasha Route
West Hayleyborough, VA 05172",Y,miles
375,Rachael Hinton,358-62-1258,"PSC 8969, Box 6325
APO AA 06535",Y,miles
376,Jeffrey Payne,587-24-2752,"295 Maldonado Pine
Lesliestad, KS 19699",Y,miles
377,Randy Martin,729-86-0614,"9598 Michael Ranch Suite 121
West John, TX 74001",N,miles
378,Steven Hayes,537-45-2212,"Unit 6371 Box 0436
DPO AA 77022",Y,miles
379,Kelly Sexton,028-82-0289,"USS Flores
FPO AE 43977",N,miles
380,Peter Cooper,769-13-0321,"8649 Smith Manor Suite 431
Alexanderburgh, TN 57676",Y,hours
381,Mark Collier,011-72-1961,"062 Jordan Crossroad
North Alejandra, MH 70299",N,miles
382,Alex Jimenez,039-30-3087,"734 Kerri Keys Suite 162
West Bethany, OH 84048",N,miles
383,Anthony Williams,683-40-1247,"683 Johnson Tunnel Apt. 711
Port Joseview, VA 99924",Y,hours
384,Julia Williamson,768-39-0739,"273 Scott Estate
Troyfurt, MS 78281",N,hours
385,Robert Harrington,039-33-4745,"5112 Gomez Plain Suite 049
Kathyton, NJ 71345",Y,hours
386,Kelly Ortega,095-17-9065,"38713 Chaney Path Apt. 489
Jacquelinefurt, WY 56347",Y,hours
387,Christopher Williams,754-56-1154,"652 Delacruz Street Apt. 169
Bergville, MT 17088",N,hours
388,Bridget Solis,740-04-4737,"235 Carl Lake
Amyfurt, MI 33966",Y,miles
389,Austin Conley,362-09-3115,"90458 Smith Alley
Jenniferberg, SD 31075",N,hours
390,Elizabeth Smith,725-77-3216,"88593 Fuller Lights Apt. 944
Ryanland, FL 93517",Y,hours
391,Andrew Chambers Jr.,254-21-0831,"462 Liu Flat
Kerrbury, MN 84468",N,hours
392,Michael Perkins,255-93-5336,"2789 Michael Fields Suite 818
East Laura, AK 15120",Y,hours
393,Debra Rogers,751-92-8563,"9321 Stephanie Throughway
Morrisonshire, MI 31439",N,hours
394,Mrs. Alyssa Reyes MD,652-91-1976,"6699 Sandoval Flat Apt. 800
Calderonview, CO 94304",N,hours
395,Fred Benson,533-42-7709,"8229 Peter Road
North Alisonstad, AZ 48779",N,hours
396,Daniel Shelton,197-87-2983,"18061 Christine Route
North Donald, IL 52075",Y,hours
397,Sheila Shields,701-86-2342,"51511 Walter Walk
Josephville, VT 64313",N,miles
398,Jared Matthews,860-43-6713,"407 Bobby Keys
Dannyhaven, IN 75588",N,hours
399,Tanya Avila,151-43-0082,"74696 Thomas Freeway
West Erikmouth, PA 13067",N,hours
400,Dr. Elaine Jordan,457-99-7336,"24635 Elizabeth Mews
Leeburgh, WV 58595",N,miles
401,Maurice Tucker,784-87-3901,"Unit 5319 Box 5231
DPO AP 49482",Y,hours
402,Jessica Brown,472-15-9013,"7011 Martinez Camp
Lake Ashley, WA 91632",N,hours
403,Bradley Sandoval,878-85-9128,"97480 Williams Mountain
Jamesview, KY 30667",N,hours
404,Kelly Holland,090-64-6038,"21083 Ruiz Spring Suite 720
Nicoleport, OR 68495",Y,hours
405,Kaitlyn Perez,895-85-5117,"724 Barnes Common Apt. 298
Port Pamela, NH 32228",Y,hours
406,Eric Powell,067-82-7029,"56114 Anderson Plain
Amberton, ID 12527",Y,miles
407,Joseph Armstrong,425-81-9799,"409 Bailey Parkways
Lake Bryanburgh, GA 84608",N,miles
408,Maria Foster,523-07-7489,"32937 Lucas Inlet Suite 599
Patrickchester, NY 76193",N,miles
409,Lacey Wolfe,478-02-6013,"96608 Medina Place Suite 943
Maryhaven, NY 91902",N,hours
410,Micheal Williams,758-24-7694,"10495 Thompson Plain
Jenniferton, MO 92146",Y,miles
411,Diana Walker,643-58-4741,"2743 Lane Lock
South Michellechester, DE 25403",Y,miles
412,Angela Gray,808-82-2542,"00429 Lauren Oval Apt. 598
Clarkshire, HI 23952",N,hours
413,Theresa Lewis,538-83-2224,"3286 Nicholas Harbor
East Debra, NV 62809",N,hours
414,Brandon Meyers,799-79-6054,"595 Hill Stravenue Suite 319
North Michael, MO 90566",N,miles
415,Kathryn Roach,705-21-4421,"132 Pierce Ramp
Lake Jessicaside, OR 21196",Y,miles
416,Robert Day,750-80-8186,"Unit 3656 Box 6059
DPO AA 79633",N,hours
417,Scott Salinas,674-85-2728,"6773 Chad Walks
Davidville, NH 40404",Y,miles
418,Michael Wong Jr.,366-96-5131,"Unit 3018 Box 2947
DPO AP 62872",Y,hours
419,Aaron Lucas,539-37-4071,"65388 Taylor Divide Suite 509
Port Jamietown, TN 41567",N,miles
420,Danielle Wood,128-89-2787,"772 Moore Summit
Carterport, ID 43080",N,miles
421,Ryan Garrison,102-58-4666,"PSC 1796, Box 8990
APO AA 02031",N,hours
422,Adam Wade,175-71-3758,"237 Leslie Plaza Apt. 565
West Colleen, MO 71064",N,miles
423,Debra Salazar,510-12-3087,"251 Smith Parks Apt. 998
Lake Christopher, KS 40340",Y,hours
424,Denise Hudson,132-43-2477,"85795 Wood Green Apt. 510
West Charles, VT 64309",Y,hours
425,Alexander Robertson,149-31-8556,"462 Stewart Pine Suite 721
East Josephmouth, PA 69184",N,miles
426,Patricia Martinez,557-46-6563,"00506 Daniel Unions Apt. 284
Davisstad, OR 35714",N,hours
427,Stephanie Tucker,895-99-2270,"97925 Vargas Radial
West Raymondmouth, SD 21404",N,hours
428,Sheri Lee,892-26-7105,"64301 Cynthia Landing
Justinmouth, TX 85413",N,hours
429,Kevin Wells,118-72-3825,"0835 Moore Radial Apt. 093
South Julieborough, MH 67528",Y,hours
430,Gregory Soto,429-91-2773,"1992 Moore Wells
New Sean, TX 12481",Y,hours
431,Jennifer Thomas,582-35-9132,"53712 Brittany Shoal Apt. 263
Port Timothy, AL 08438",N,hours
432,Julie Gallagher,843-17-5638,"38882 Mark Freeway
Josephmouth, ID 05523",N,miles
433,Ashley Allen,438-94-0737,"4947 John Causeway Apt. 696
Port Amandaborough, GU 10705",N,hours
434,Anthony Mosley,185-43-0358,"00515 Jack Green
Christinafort, CO 58204",Y,hours
435,Robert Long,537-60-3294,"20565 Megan Route Suite 397
Port Jeremyfort, SC 49674",Y,hours
436,David Meyers III,474-75-6507,"7594 Carrie Port Apt. 064
East Melissa, MN 76476",Y,hours
437,Spencer Tate,250-23-8692,"69923 Carlos Plaza
Jessicaport, AZ 74970",N,miles
438,Alyssa Ward,535-63-3737,"8705 Amanda Loaf
Lake Lauraton, GU 23685",N,hours
439,James Morgan,709-24-0833,"282 Jonathan Flats Apt. 300
Carmenchester, OK 40957",Y,miles
440,Savannah Brown,252-63-0795,"26247 Benjamin Street Apt. 140
North Grant, NJ 96774",Y,miles
441,Douglas Tucker,629-59-1660,"89589 Dana Glen
Martinezville, MN 02592",N,hours
442,Charles King,411-25-2025,"2285 Yates Station Apt. 773
Mayberg, WY 32589",Y,miles
443,Christopher Guerrero,205-42-6753,"2647 Brown Fields Apt. 566
Wardfort, PR 82729",N,miles
444,Victoria Francis,030-92-3970,"050 Erin Islands
Shawnchester, VI 58422",N,hours
445,Casey Griffin,748-81-3276,"14996 Renee Alley
Chenhaven, OR 83787",N,miles
446,Brandon Velazquez,033-39-9689,"8420 John Crossing
Bushview, OH 41667",Y,hours
447,Krystal Landry,193-02-6795,"72873 Gonzalez Ferry
Lake Gregoryburgh, WI 46858",N,hours
448,Peter Flores,292-49-2643,"2692 Nelson Green
Tinaburgh, IL 80712",Y,hours
449,Janet Fischer,877-77-5329,"587 Timothy Cliff Suite 816
Kurthaven, MP 19521",Y,miles
450,Marvin Wells,817-31-3138,"8519 Jessica Street Suite 457
Millermouth, FL 00829",N,miles
451,Danielle Wheeler,190-71-0382,"0512 Marcus Row
Nguyenton, WA 51369",N,miles
452,Grant Lambert,303-82-9092,"USNV Molina
FPO AE 82300",N,miles
453,Denise Sanchez,280-48-2136,"28954 Brittany Harbor Suite 531
New Toni, TX 84006",N,hours
454,Peter Clements,840-05-2581,"44193 Garrett Stream
Lake Angela, KS 74861",Y,hours
455,Alexander Harris,664-56-5862,"81162 Morales Heights
Port Josephland, GU 10250",Y,miles
456,Richard Garcia,013-94-7549,"731 Rachel Island Suite 742
Port Courtneyborough, IL 41720",Y,hours
457,Heidi Wilcox,152-54-3190,"92191 Samantha Wall Suite 173
North Jose, VA 75476",Y,miles
458,Allen Davis,572-65-2706,"24575 Douglas Village Suite 451
New Edgarland, PR 26550",N,hours
459,Ralph Peterson,274-52-0494,"Unit 2206 Box 3208
DPO AE 53346",N,hours
460,Michael Davis,429-22-9169,"9563 Jeremy Brook
Bakerview, MH 46596",Y,miles
461,Michael Farmer,363-11-7850,"40734 Murray Via
Thomaschester, NC 62251",Y,miles
462,Dana Cooper,886-22-9793,"01483 Boyle Turnpike
Rachelville, ME 41983",Y,hours
463,Jennifer Hughes,860-34-5361,"USS Miller
FPO AP 73964",Y,miles
464,David Graham,445-38-9453,"4409 Lynch Street
East Gary, IA 09341",Y,hours
465,Tina Stevenson,609-18-6185,"2066 Megan Road Apt. 268
West Gabriel, MH 40182",N,miles
466,Tina Pugh,096-75-2088,"USS Johnson
FPO AP 07225",N,miles
467,Jeffrey Oconnell,545-99-6754,"34973 Richmond Summit Suite 848
East Katherine, PA 21307",Y,miles
468,Brittany Williams,418-92-5809,"11080 Lucas Knolls
Benjaminchester, MN 21347",Y,miles
469,Thomas Coleman,193-45-6594,"4879 John Rapids
South Feliciachester, PW 06593",Y,hours
470,Sarah Herman,556-89-9827,"0459 Rhonda Burg Suite 130
Port Laura, VA 88345",N,hours
471,William Pearson,026-03-0112,"PSC 7936, Box 8303
APO AE 05527",Y,hours
472,Alexis Mitchell,560-48-9685,"8562 Howard Causeway
Lake Christinahaven, WY 24211",Y,hours
473,Jennifer Vasquez,613-21-6740,"03579 Melissa Brooks Suite 175
West Taramouth, WV 11812",N,hours
474,Melissa Vargas,554-20-8219,"246 Marvin Groves
Jacksonchester, IA 05546",Y,hours
475,Nicholas Joyce,653-57-1065,"30519 Davis Run Apt. 290
South Donnaberg, VA 96491",N,hours
476,Sandra Brock,819-34-2257,"4459 King Port Apt. 633
East Edwardport, IL 77378",Y,miles
477,Paul Norman,791-76-9720,"857 Scott Way Apt. 959
Richardshire, MO 75563",Y,hours
478,Nicole Harris,667-06-9304,"216 Carter Mission Suite 710
Robertland, NV 30522",N,miles
479,Holly Wong,125-75-2077,"8100 John Fields
Harrisborough, MN 73035",N,miles
480,Emma Herrera,881-31-7345,"401 Wang Hill
Wuberg, NE 21448",N,hours
481,Julie Solis,100-66-0295,"377 Lynn Shoals Suite 289
Amandabury, IL 83838",Y,miles
482,Wendy Fisher,133-12-0649,"688 Richard Spur Apt. 517
Jesseland, MA 28719",Y,hours
483,Kimberly Jenkins,866-06-7793,"0243 Whitaker Roads
Davistown, KY 13465",N,miles
484,Derrick Ortiz Jr.,500-93-2329,"94830 Keith Turnpike Suite 999
Gibsonton, NY 14004",Y,hours
485,Robert Fletcher,497-01-5489,"15704 Barker Prairie
Darrenchester, UT 98252",N,hours
486,Linda Simon,890-23-3014,"75666 Christopher Extension
West Reginald, ID 60711",Y,miles
487,Stacey Hodges,705-14-9583,"1417 Cooper Run
Lake Russell, IN 60127",Y,miles
488,Jessica Lee,333-58-1998,"45967 Garrison Valleys Apt. 465
Aliciamouth, PR 06654",Y,hours
489,Tiffany Bennett,543-24-7784,"2034 Jimenez Rue
North Melissa, PR 09165",N,hours
490,Pamela Perez,013-72-1573,"568 Douglas Divide
Jonathanhaven, NH 04286",Y,miles
491,William Willis,353-35-3209,"063 Janet Hollow
Blevinsfort, OH 46642",N,miles
492,Virginia Williams,041-32-3397,"6769 Claire Divide
Hillton, PR 36373",Y,hours
493,Rachael Knight,278-72-9975,"184 Amanda Bypass Suite 388
Andersenstad, MH 74337",N,hours
494,Mark Smith,313-48-8891,"5640 Frank Curve Apt. 585
East Lisa, WY 47320",N,hours
495,Samantha Chambers,190-92-7119,"564 Rivas Camp
New David, SC 75327",Y,miles
496,Robert Cross,177-56-1319,"00230 Victor Court Apt. 011
Costaborough, KS 76931",Y,hours
497,Charles Gaines,395-31-7023,"674 Lisa Vista Apt. 616
North James, ND 42750",N,miles
498,Misty Mendoza,783-75-0300,"7132 Molina Overpass
Lake Michael, AS 91503",N,miles
499,Craig Mueller PhD,138-90-8113,"79133 Richard Prairie Suite 036
Billyville, MI 52439",Y,hours
500,James Dunn,214-94-4818,"85340 Hampton Union Apt. 396
Stewartside, NV 09901",Y,miles
501,Elizabeth Montgomery,346-36-7732,"84969 Kathleen Rest Suite 070
Ryanland, KY 24544",N,miles
502,Gabrielle Peterson,072-44-2185,"93983 Jackson Spur Suite 551
South Charles, VT 42448",N,miles
503,Morgan Hayden,639-92-9222,"28543 Hill Pines Suite 512
West Alex, VI 83691",N,hours
504,Elaine Lewis,841-61-8727,"PSC 4247, Box 3876
APO AA 82942",Y,miles
505,Margaret Smith,548-97-4545,"798 Roberts Crossroad
Velasquezburgh, HI 82321",N,hours
506,Nicole Glover,769-38-5760,"884 Ann Squares Suite 506
South Whitney, AK 12214",N,miles
507,Bryan Hernandez,139-35-0862,"13033 Megan Ways
Michealville, LA 59782",N,hours
508,Jon Warner,420-64-9710,"Unit 6986 Box 7852
DPO AA 86193",Y,miles
509,John Taylor,468-45-3499,"6560 Murray Avenue
New John, PA 38497",Y,miles
510,Erin Lang,099-15-3304,"296 Crystal Stream
Danielshire, CO 70834",N,hours
511,Austin Villanueva,857-35-9076,"1458 Richard Knolls Suite 421
Nelsonchester, NV 81847",Y,hours
512,Angela Jones,702-01-7468,"PSC 6808, Box 2401
APO AP 03219",N,miles
513,Matthew Clark,132-93-2711,"68252 Booth Pines
Lake Katherine, MP 68678",N,hours
514,Holly Serrano,305-19-5259,"23823 Perez Hill
South Cindybury, AZ 71287",Y,hours
515,Jacob Williams,641-47-7443,"31419 West Ports Suite 210
Rochaview, WI 40543",N,hours
516,Jennifer Gonzales,492-40-9402,"862 Troy Dam
Brownstad, RI 37909",Y,miles
517,Jeffrey Torres,175-73-0704,"0238 Michael River
Munozton, WV 82954",N,miles
518,Michael Bullock,142-93-3023,"316 Joshua Streets
Hoffmanstad, NY 61440",N,hours
519,Michelle Smith,605-23-2754,"65104 Martinez Forge Apt. 055
Thompsonside, WY 95728",Y,hours
520,Ashley Armstrong,290-46-4492,"941 Riggs Island
North Marie, WV 92621",Y,miles
521,Kara Anderson,159-63-4686,"86553 Mcintyre Point
Lukeville, MN 84602",Y,hours
522,Emily Young,364-06-2159,"87104 Douglas Bridge Apt. 058
Port Renee, MP 23280",N,hours
523,Linda Cervantes,032-10-2995,"0912 Roy Flat
North Rogershire, IL 98194",N,hours
524,Sarah Jordan,234-90-9649,"3985 Laurie Station Suite 131
Brettmouth, IA 45616",N,hours
525,Lindsay Hill,674-09-0025,"350 Angela Ways Suite 207
Ebonyview, TX 81891",Y,hours
526,Patrick Nguyen,688-05-1004,"3888 Buckley Streets
Martinezmouth, SD 07543",Y,hours
527,Brandon Mathews,336-87-5051,"74477 Shaffer Freeway
Kellyport, TX 59063",Y,hours
528,Edward Ramos,004-91-3585,"269 Richards Key Suite 278
New Brad, MA 08875",Y,miles
529,Brittany Lawrence,492-27-6729,"45059 Diane Harbor
Maysview, GA 62381",N,miles
530,Angela Vargas,189-63-2623,"98418 Curtis Mountain Apt. 145
East Jesusburgh, PR 20944",Y,hours
531,Cory Phillips,622-42-3485,"37035 Benjamin Gateway Suite 816
Sanchezfort, FM 77283",Y,miles
532,April Reid,440-25-4035,"18908 Megan Ridges Suite 053
Coreyberg, NM 29789",N,miles
533,Natalie George,748-83-6718,"60002 Garza Valley
East Jotown, KS 05494",Y,hours
534,Robert Dunn,746-25-4639,"860 Taylor View Apt. 460
Stacyside, UT 70087",N,hours
535,Krystal Wilson,324-71-0005,"USS Marquez
FPO AE 02820",N,miles
536,Russell Sampson,854-26-5481,"318 Kim Mountains Suite 545
South Kathyville, HI 32161",Y,hours
537,Brittney Simmons,413-28-2490,"246 Sexton Forge Suite 239
Jacksonmouth, ME 63720",Y,miles
538,Stephanie Ward,510-12-5837,"4118 Joseph Ports Apt. 030
Billyville, RI 40268",Y,hours
539,David Evans,342-10-2762,"323 Kaiser Throughway
West Kevinmouth, CO 32483",Y,hours
540,Tina Rojas,322-39-2225,"877 Horne Lodge
Adamside, DE 84840",N,miles
541,Elizabeth Cooper,756-61-4293,"04075 Doyle Lights Suite 903
South Cynthia, VA 69832",N,hours
542,Jennifer Mcgee,201-99-6478,"42840 Clayton Islands
South Shawn, IN 05921",N,hours
543,Steve Martinez,481-21-1750,"0979 Robert Knolls Suite 646
Port Brittany, SC 32083",N,miles
544,Christopher Walton,435-43-0531,"26719 Mitchell Mountain
Russellmouth, NC 00641",Y,hours
545,Laura Carrillo,307-47-1520,"PSC 9494, Box 9187
APO AA 57236",N,miles
546,Jeff Miller,611-75-0629,"9706 Nguyen Canyon
West Vincentmouth, GA 80494",N,miles
547,Jennifer Mueller,304-53-1417,"76115 Matthew Street
West Jenna, FM 12179",Y,miles
548,Jennifer Williams,140-19-2100,"9576 Trevor Park
Hardingside, WA 92303",N,miles
549,Patricia Edwards,822-63-8081,"Unit 3967 Box 0237
DPO AE 55374",Y,miles
550,Wesley Ford,273-58-5174,"35301 Dillon Ridges Suite 113
Port Nancy, IA 37099",Y,miles
551,Kristen Contreras,141-77-8717,"35074 Dale Loaf Suite 232
Davischester, PA 68595",Y,hours
552,Benjamin Ali,894-57-6905,"991 Justin Branch Suite 483
Fernandezstad, DE 43234",Y,miles
553,Rachel Harrington,205-93-8071,"Unit 0238 Box 2291
DPO AA 70555",N,hours
554,Travis Stewart,741-32-1713,"978 Daniel Forges
Anthonyton, SC 48699",N,miles
555,Chase Campbell,092-30-3102,"55377 Richard Mill
Beanside, FM 99869",Y,hours
556,Ashley Downs,872-69-2903,"32726 Rachel Shoal Suite 248
Oconnorside, SC 52132",N,hours
557,Jennifer Wilkins,493-87-0840,"29877 Cole Meadow Suite 390
Sarashire, PA 69796",Y,hours
558,Shannon Woods,229-74-7647,"482 Dale Dale Suite 787
Potterburgh, ME 21432",Y,miles
559,Laura Nichols,203-13-8746,"USCGC Dyer
FPO AE 83153",Y,hours
560,Andrew Mckinney,108-16-4579,"35498 Manuel Streets
North Barrymouth, WY 22975",Y,miles
561,Mr. Robert Nelson,032-91-4617,"0484 Johns Ferry
New Tonystad, MP 21042",Y,miles
562,Kathleen Moreno,039-19-7506,"3988 Richard Square Apt. 767
Prestonton, ND 78509",Y,hours
563,Mitchell Lawson,794-11-9803,"757 Rodriguez Vista
Christinetown, MI 82230",N,miles
564,Cassandra Bradley,782-56-6620,"PSC 3004, Box 6242
APO AP 95512",Y,miles
565,Charlotte Yates,523-13-9620,"58177 Tim Stravenue Apt. 004
East Shelly, UT 19923",Y,hours
566,Paul Maddox,757-13-5981,"94812 Williams Knolls Suite 315
Kevinfurt, HI 57186",Y,miles
567,Sydney Alexander,237-28-0699,"65693 Sara Hollow Suite 393
West Justin, KY 61175",Y,hours
568,Scott Garcia,338-97-4815,"7573 Hill Green
Aliciastad, VA 56123",N,miles
569,John Brown,073-31-5198,"7761 Katrina Cape Apt. 588
Morrisberg, TN 09417",Y,hours
570,Elizabeth Cross,460-17-3316,"0709 Weeks Keys Suite 993
Jesseburgh, CT 92172",Y,hours
571,Sarah Hayes,101-78-4066,"5820 Jason Ford Apt. 583
Alejandraborough, MH 96895",Y,hours
572,Joshua Pearson,795-30-1800,"9309 Ingram Park
Lopezchester, AR 17713",Y,hours
573,Brian Harris,213-89-0791,"01966 Whitney Highway
Codymouth, NC 12108",Y,miles
574,Michael Gillespie,839-26-3698,"04688 Chavez Roads Suite 879
Port Stephen, AR 77835",Y,hours
575,Samantha Calhoun,852-27-8300,"7960 Christopher Path
Harrisfurt, CO 64074",Y,hours
576,Daniel Rodriguez,338-37-1973,"576 Susan Center
Justinstad, NH 71638",N,miles
577,Dennis Joyce,674-63-6234,"625 Johns Tunnel
Tuckerstad, VA 27939",Y,hours
578,Charles Smith,752-80-8819,"6798 Hansen Hollow Apt. 621
Karenport, VI 81021",N,miles
579,Anita Pierce,557-17-3117,"5815 Frederick Inlet
Fowlerport, PW 58556",N,hours
580,Thomas Wade,512-17-8815,"7598 Pitts Pines
New Victoriaborough, NV 97387",Y,hours
581,James Bender,805-55-2349,"USCGC Ortiz
FPO AP 39718",N,hours
582,Dawn Medina,370-30-7843,"62678 Chavez Causeway Apt. 320
Lake John, VT 57865",Y,miles
583,Samantha Owens,691-01-3143,"543 Houston Pike
South Christopher, NE 50450",Y,hours
584,David Taylor,325-84-3370,"4869 Zoe Parkway Apt. 625
West Ericshire, AS 07730",N,hours
585,Katherine Williams,550-52-7068,"8868 Bell Skyway
Tonyburgh, FM 68430",N,miles
586,Daniel Mendoza,880-96-4431,"7745 Michael Cliff
North Gina, RI 43140",N,hours
587,Brian Brown,383-43-1908,"985 Jared Mountain Suite 166
Tranburgh, MD 61217",Y,miles
588,Nancy Jones,339-80-1265,"29497 Brown Mills
Burtonshire, MI 42205",Y,hours
589,James Cummings,197-90-1691,"PSC 6008, Box 4745
APO AP 82680",N,miles
590,Mark Taylor,073-87-1731,"PSC 7021, Box 8359
APO AE 65802",Y,hours
591,Lisa Johnson,830-69-4490,"1300 Ryan Lock Apt. 795
Kristinfort, KS 57261",Y,hours
592,Rachel Hernandez,532-34-7759,"4850 Jefferson Radial Suite 049
Patriciaville, NE 77051",N,hours
593,Jordan Sherman,321-30-6865,"2358 Stacie Crest
Carrieton, AS 33383",N,hours
594,Melissa Hoffman,008-25-6341,"USNV Lara
FPO AE 48100",N,hours
595,Lee Pope,605-51-8178,"917 Bridget Avenue Apt. 954
Fitzpatrickhaven, DE 87015",Y,miles
596,Diane Carpenter,304-95-8930,"66601 Flowers Square
East Brian, MP 06732",Y,hours
597,Nicole Mills,575-51-6651,"3390 Natasha Inlet
Andrewborough, UT 32077",Y,hours
598,James Calderon,709-92-3589,"91662 Timothy Keys Suite 928
East Steven, AZ 86696",Y,miles
599,Sandra Gomez,851-98-3977,"3653 Larry Village Suite 825
Nicolefurt, WY 72770",Y,miles
600,Jamie Robinson,467-73-4786,"23950 Baker Throughway
Smithberg, IN 18196",Y,miles
601,Christopher Rogers,308-15-3548,"1892 Klein Lodge
Taylormouth, MI 16589",Y,hours
602,Steven Shaw,433-79-1255,"2404 Fowler Forks Apt. 012
Jennifermouth, MD 60994",Y,miles
603,Jeremy Chen,674-04-7907,"10824 Garcia Greens Apt. 975
West Patrickton, IA 71869",N,miles
604,Luke Adams,716-97-1331,"25910 Allison Crescent Suite 310
Lake Tristanport, OH 47801",Y,hours
605,Robert Mitchell,795-12-9473,"45862 Russell Haven
East Bryan, CT 65643",Y,hours
606,Thomas Ramirez,494-45-2988,"USNS Rivera
FPO AA 12046",Y,miles
607,Jessica Nichols,199-01-6054,"09722 Misty Drives
South Emily, ME 52446",N,hours
608,Erin Barrett,171-95-8655,"0421 Anthony Islands
Morastad, MH 91907",N,hours
609,Brandon Oconnor,734-02-3400,"41711 David Stravenue
Rhondaview, MS 48807",N,hours
610,Robert Harris,052-65-4781,"48631 Brown Manors Apt. 801
New Anna, NC 29670",N,miles
611,Matthew Smith,162-24-3264,"1419 Wilson Bypass Suite 598
Taylorberg, MT 35879",Y,miles
612,Katherine Zimmerman DVM,142-42-2168,"7065 James Dale Suite 562
Hillmouth, MI 00755",Y,miles
613,Courtney Becker,316-76-1435,"3555 Owens Tunnel Apt. 071
Hornshire, AS 38854",N,hours
614,Christy Houston,191-80-9859,"USNS Wyatt
FPO AA 06297",N,hours
615,Donald Smith,610-01-2755,"185 Ronald Lake
Rodriguezberg, UT 92559",Y,hours
616,Scott Rangel,307-15-1343,"1719 Green Valleys
Vanessaland, NV 30362",N,hours
617,Matthew Preston,501-34-8655,"5654 Holly Brooks Apt. 441
Lake Zacharymouth, AR 45147",Y,miles
618,Molly Long,465-97-2273,"Unit 8377 Box 8901
DPO AP 02894",Y,miles
619,Juan Rodriguez,254-67-5768,"7024 Hannah Manors Suite 039
New Alexander, PW 97884",N,hours
620,Michael Davis,246-54-1700,"858 Gordon Streets
Port Amyburgh, WY 20601",N,hours
621,Mr. Gary Christensen,812-89-7960,"25338 Nancy Mountains
Gonzalesstad, PR 61914",Y,miles
622,Jocelyn Castillo,388-95-8461,"14083 Larsen Locks
Ryanside, IN 80647",Y,hours
623,Daniel Ray,136-95-8527,"040 Candice Row
Port Martinhaven, NJ 75432",Y,hours
624,Michael Rivera,010-40-3540,"3365 Ford Village Suite 081
Lake Deborah, GU 61252",N,miles
625,Melissa Williams,191-71-0903,"15218 Glenn Pines
Tylerchester, DC 40983",N,hours
626,Heather Gill,847-53-7106,"0619 Katrina Turnpike Suite 754
Vargasbury, KY 56167",Y,hours
627,Dylan Thomas,179-32-1627,"063 Robert Track Apt. 797
Watkinsstad, WV 91545",N,miles
628,Joanna Reid,583-89-0895,"98921 Amanda Drive Apt. 196
Mcgeechester, NC 20164",N,miles
629,Marissa Marsh,575-09-1109,"78783 Byrd Forks
Williamsborough, ME 41149",Y,miles
630,Lisa Murphy,833-59-5831,"7008 Hall Plains
Laurabury, PR 82924",Y,hours
631,Jerry Gutierrez,751-59-6627,"703 Robert Manor Apt. 378
Jeremiahmouth, OK 74937",N,miles
632,Andrew Macdonald,006-36-9014,"361 Harrison Landing
North Ruthfort, DC 46215",Y,miles
633,Roberta Barnes,503-92-6892,"8105 Hinton Circles
South Joshuaport, DE 66436",Y,miles
634,Michael Moore,595-80-0458,"58077 Warren Ways
North Danielle, CO 59375",Y,hours
635,Mr. Brandon Campbell,484-06-0877,"75551 Erin Turnpike Suite 252
North Tammy, MN 60389",Y,miles
636,Christine Navarro,885-36-2735,"804 Cook Mountains
North Roy, CT 08316",Y,miles
637,Brett Allen,289-66-4542,"2223 Mendoza Landing Apt. 398
New Steven, MT 92857",N,miles
638,Aaron Patel,218-01-6813,"52746 Sarah Roads
Rodriguezton, OH 68411",N,hours
639,Jeffrey Wright,559-02-0728,"613 Chad Mount
Josephport, AZ 61856",N,hours
640,Janice Rodriguez,348-03-0339,"7153 Hammond Prairie
Lake Mark, NY 27166",N,hours
641,Jeremy Hill,414-67-6818,"586 Roberts Divide Apt. 882
East Robertland, AL 92575",Y,hours
642,Mrs. Ana Miller,379-25-8764,"88799 Collins Bridge Apt. 033
Robertsonport, RI 80131",N,miles
643,Leslie James,772-17-4150,"40921 Mario Mission
North Michelleberg, MD 92173",Y,hours
644,Eric Hall,162-43-8178,"Unit 4937 Box 8524
DPO AE 93705",Y,hours
645,Wayne Gates,598-46-1294,"6132 Wall Junction Suite 419
West Alex, TX 08428",Y,miles
646,Kelly Garza,555-03-1282,"357 Hector Manors Apt. 678
Lopezburgh, WV 01433",N,miles
647,Tammy Avila,179-01-4090,"4072 Harris Rest Suite 281
North Conniebury, CT 96131",Y,miles
648,John Johnson,009-77-4367,"4492 Bryan Place
Williamsfort, ND 17136",N,hours
649,Ryan Romero,537-55-6415,"39642 Bailey Plains
New Erinside, TN 25373",Y,miles
650,Brooke Martin,449-73-5251,"86916 Villarreal Park Suite 798
Keithshire, VT 70186",N,hours
651,Katherine Brady,806-68-0991,"99134 Blake Village
West Georgeburgh, VT 20842",N,miles
652,Kara Norris,151-36-6934,"267 Pace Tunnel
Caseybury, NC 13119",Y,hours
653,Alan Brown,825-07-9158,"854 Zachary Street
Port Stevenchester, MS 66396",N,hours
654,Christopher Nelson,138-67-5728,"0650 Hampton Tunnel Suite 902
Crystalchester, OR 06484",Y,miles
655,Kevin Mills,167-67-9860,"21969 King Expressway Apt. 387
Port Ashley, FL 77619",N,miles
656,Willie Brown,744-78-8977,"310 Arthur Land Suite 285
Port Glendamouth, MO 06845",N,hours
657,Cory Miller,487-57-0838,"84787 Nicole Ford Apt. 129
New Benjaminborough, HI 29358",N,hours
658,Ian Johnson,260-58-2545,"0324 Turner Flat
Christopherberg, CO 36474",Y,hours
659,Alexander Parker,442-19-0202,"USCGC Spencer
FPO AA 26132",Y,hours
660,Shelia Watson,115-65-4208,"12891 Warren Trail
Perezmouth, IA 82726",N,miles
661,Shirley Rangel,185-80-7954,"846 Brown Vista Apt. 883
Lake Sarah, PA 28640",Y,hours
662,Kayla Castro,108-56-0763,"98510 Henderson Passage Suite 675
New Justin, CA 22115",N,miles
663,Julie Adams,591-53-0006,"223 Chandler Tunnel Suite 682
Eugenechester, NJ 29351",Y,miles
664,Rebecca Baldwin,701-66-4169,"617 Lauren Vista
Jasonfurt, MD 05970",Y,miles
665,Taylor Casey,380-14-8572,"PSC 0373, Box 9337
APO AA 23018",Y,miles
666,Stephen Taylor,626-40-3548,"9556 Jeremy Cliff Apt. 883
Erinhaven, NV 01060",N,hours
667,Lisa Williams,287-93-3134,"80365 Olivia Shoal
Port Shawn, IN 45595",Y,miles
668,Mark Wilson,248-57-3079,"801 Navarro Spurs
East Benjaminmouth, MD 32576",Y,miles
669,Eric Brown,706-14-6328,"91466 Kyle Valley Apt. 727
South Christopher, OH 39169",Y,miles
670,Sean Wilson,386-41-9092,"2430 Susan Course Apt. 642
Josephfurt, AZ 32036",N,hours
671,Hannah Wood,365-87-4666,"8425 Church Green Apt. 697
Port Amber, AL 54258",N,hours
672,Amanda Delacruz,655-42-4111,"USS Barrett
FPO AP 60065",Y,miles
673,Dennis Adkins,899-26-5885,"610 Charles Crescent Suite 875
Port Taratown, IL 26831",Y,hours
674,Deborah Lucas,046-60-6274,"5514 Daniel Ridge
Harrisonhaven, CA 72306",Y,miles
675,Johnny Evans,716-95-4281,"325 Smith Plaza
North Aaronberg, LA 26865",N,miles
676,Melissa Mccall,858-54-0006,"8806 Dakota Path
South Scottborough, AZ 06732",Y,miles
677,Sharon Berry,344-69-0827,"017 Lopez Cape
Cookville, FM 44902",Y,hours
678,Nina Martin,756-71-5518,"90942 Hernandez Roads
South Jonathan, KY 14985",Y,miles
679,Stacy Holmes,434-04-9147,"7927 Melissa Prairie
North Kyle, SC 27461",N,miles
680,Travis White,023-06-1661,"8344 Heidi Mission Apt. 334
East Ambermouth, NC 12521",Y,miles
681,Tracy Warren,868-16-7300,"3614 Fernandez Roads
Lake Jessicaville, MI 99221",Y,miles
682,Joshua Hernandez,380-38-4475,"8961 Deborah Club
Harringtontown, MA 72876",Y,miles
683,Tyler Kennedy,284-59-5153,"11053 Jasmine Trafficway Suite 895
South Adam, IA 86831",Y,hours
684,Michael Williams,686-99-1459,"0707 Wang Avenue Apt. 695
Danaton, OH 56019",N,miles
685,Nichole Smith,352-56-8458,"1935 Rivera Ford Suite 029
East Amandaside, DC 91660",Y,miles
686,Amber Johnson,064-52-5135,"USNS Wolfe
FPO AP 55243",N,miles
687,Daniel Robertson,490-48-7385,"0152 Pamela Inlet Suite 511
Ellisstad, NY 70683",N,miles
688,Tracey Lester,841-33-8397,"3685 Barnett Common
South Ericaburgh, FL 49331",Y,hours
689,Patrick Murphy,606-37-3408,"891 Luke Turnpike Suite 853
West Christopher, MO 60551",N,hours
690,Robert Hernandez,314-12-9894,"3501 Derrick Village Suite 136
South Lisa, TX 40039",Y,miles
691,Dr. David Spencer DVM,617-93-1494,"45779 Wilson Cliff
Adamberg, HI 06243",N,miles
692,Misty Weeks,160-59-0888,"717 Ochoa Light Suite 874
Lisafort, DC 20692",Y,miles
693,Zachary Miller,468-78-5379,"87696 Castillo Stream
Donovanville, DC 97986",N,miles
694,Jason Perez,714-92-5621,"76925 Michael Throughway Suite 166
North William, FM 50870",Y,hours
695,Tammy Kim,269-28-2480,"2596 Moreno Cliffs Suite 900
North Rodney, VI 81634",Y,hours
696,Andrew Moore,506-04-6441,"Unit 7469 Box 2844
DPO AP 37584",Y,miles
697,Christopher Franco,674-11-6369,"9816 Vasquez Road Suite 979
Grantmouth, GU 69723",N,hours
698,Bryan Guerrero,159-37-4271,"60505 James Turnpike Suite 788
Richardborough, MA 54734",N,hours
699,Kerry Moreno,600-93-9265,"69973 Charlotte Lane Apt. 287
Lake Andreafurt, MP 08229",N,hours
700,John Hall,395-12-1113,"43176 Kevin Valley
Lake Brookemouth, MT 51545",N,hours
701,Amber Lee,345-50-3490,"999 Murphy Dale
Mossville, NE 61507",N,hours
702,William Hunt,423-70-1645,"061 Sean Stream Suite 071
North Michaelborough, MS 39261",Y,hours
703,Aaron Bentley,146-70-2893,"Unit 4207 Box 0377
DPO AE 13057",N,hours
704,Richard Reid,002-98-0164,"4412 Jeffrey Creek Suite 518
Johnsonburgh, FM 32098",Y,hours
705,Michelle Williams,191-32-2725,"762 Brooke Hill Suite 015
North Christopherview, AS 55921",Y,hours
706,Keith Smith,499-65-5855,"31834 Melendez Path
West Ryan, VA 30371",Y,hours
707,John Hayes,201-20-4661,"USCGC Jensen
FPO AP 39929",Y,hours
708,Lisa Barton,869-64-7722,"172 Anthony Route Apt. 757
Port Christopher, WI 63570",Y,hours
709,Jacob English,490-23-4788,"8077 Juan Estate
South Linda, UT 12176",Y,miles
710,Stephen Clark,790-59-5524,"2794 Benton Radial
South Joseton, NY 83395",N,miles
711,Judy Byrd,375-24-7681,"83386 Heather Mission
Cristinaview, OH 73672",N,miles
712,Thomas Gomez,712-20-9045,"18377 Warren Wall Suite 200
New Christopher, AK 35206",N,miles
713,Nathan Rangel,196-28-8437,"8412 Huffman Rapids Apt. 589
Randallfurt, HI 67525",Y,miles
714,Jonathan Miller,210-11-2833,"8245 Hayden Islands Apt. 648
Smithside, KY 99621",N,miles
715,Allen Hodge,335-75-1269,"540 Jason Street
North Robertshire, AR 26037",Y,hours
716,Robert Jackson,875-99-5974,"7466 Sullivan Roads Apt. 026
Davidfurt, SC 23379",Y,miles
717,Thomas Kerr,832-40-5961,"91933 Mary Fields
North Jared, FM 78072",N,hours
718,Stephen Vazquez,204-49-3646,"1447 Elizabeth Place Apt. 653
Allenville, AZ 34141",N,hours
719,Samantha Wilson,066-39-9230,"150 Aguirre Turnpike
New Jodiville, ME 03718",N,miles
720,John Marshall,300-74-1153,"75169 Ortiz Square
Davidburgh, SD 82236",N,miles
721,Aaron James,361-16-6329,"397 Rivera Divide
Lake Randallberg, OR 88786",N,miles
722,Jennifer Wells,798-57-0455,"442 Larry Fields Suite 877
Nicholasstad, GU 49952",N,hours
723,Megan Mitchell,182-98-8268,"390 Ramirez Spring Suite 506
East Omarville, IA 04780",Y,hours
724,Joseph Williamson,104-83-7366,"536 Clayton Fork Apt. 879
South Jeffery, CT 51553",Y,miles
725,Robert Johnson,846-47-6244,"55057 Howard Inlet Apt. 068
Howardshire, NC 14151",N,hours
726,John Simmons,210-46-6456,"299 Michael Rapids Suite 320
South Ryanfurt, NM 80186",N,hours
727,Yolanda Martin,405-05-8124,"24688 Jonathan Streets Apt. 200
West Michael, OK 59409",N,miles
728,David Dorsey,712-40-0967,"255 Christopher Cove
Ericaview, PW 29037",N,miles
729,Ashley Gill,859-24-9909,"863 Beasley Courts Apt. 558
Williamsshire, IN 34128",N,miles
730,Andrew Duran,124-25-2970,"83216 Michelle River Apt. 937
Jamesmouth, MP 39048",Y,miles
731,Alexis Donaldson,540-80-5038,"2751 Collins Ville
Gonzalezville, KY 32129",N,miles
732,Rachel Shepard,211-70-6773,"273 Turner Freeway Suite 376
Jessicafurt, FM 53735",N,miles
733,Teresa Meyer,212-17-4611,"78288 Brandon Extensions
Reynoldsview, DC 95413",N,miles
734,Diana Wallace,742-76-2451,"0654 Lisa Rue Apt. 931
Port Ashleyland, MO 25359",Y,miles
735,Cassandra Blake,437-28-7488,"Unit 5611 Box 0362
DPO AE 73529",N,hours
736,Holly Davila,753-88-0622,"USNV Griffin
FPO AA 39401",Y,hours
737,Jeremy Daniels,037-44-2820,"9826 Jenkins Islands Apt. 341
Timothybury, VT 18539",Y,hours
738,Mark Wells,815-20-6023,"46805 Gutierrez Ferry Apt. 809
Port Alyssamouth, PR 04033",N,hours
739,Denise Williams,093-75-2643,"9016 Shah Way
East Brendaburgh, PW 87924",N,miles
740,Anthony Walker,100-99-9232,"11301 Johnston Course Apt. 789
Port Elizabeth, ND 59212",N,miles
741,Laura Johnson,619-43-4097,"1437 Cruz Pike
Melissaville, AZ 37236",Y,miles
742,Christopher Clark,237-68-0837,"PSC 2664, Box 7671
APO AP 80422",Y,hours
743,Joanna Duran,602-22-7983,"50864 Robert Mission
Owenmouth, LA 14869",Y,hours
744,Karen Marshall,351-97-7652,"6080 Jonathan Fords Apt. 039
New Ryanshire, AL 36618",N,hours
745,Ashley Miles,315-59-1069,"6081 Melissa Extensions
Charlesfurt, GU 74856",N,hours
746,Margaret Henry,580-47-2875,"429 Bryan Shoals Suite 952
Campbellside, MA 08951",N,miles
747,Carolyn Barr,875-36-9133,"281 Dunn Manor
North Timothymouth, VA 98704",N,miles
748,Cynthia Krause,227-91-3685,"75727 Ponce Bypass Suite 214
Rebeccahaven, MD 37168",N,miles
749,Kristen Leon,396-01-5650,"09723 Felicia Village Apt. 606
South Robertshire, SC 88140",Y,miles
750,Kelly Anderson,569-59-5512,"019 Richard Parkway
South Williamborough, WY 56831",N,miles
751,Robert Ware,469-89-9224,"235 Howard Square
Cooperborough, MA 37031",N,miles
752,Gregory Smith,144-28-9051,"5117 William Course Apt. 888
Port Joshua, TN 45181",N,hours
753,Eddie Elliott,893-44-7052,"420 Brown Knoll Apt. 163
Lake Jasonshire, HI 91446",Y,hours
754,Christopher Bell,260-73-0838,"922 Jeremy Ports Suite 182
Lake Felicia, AS 69097",Y,hours
755,Christopher Garrett,682-03-4164,"1531 Daniel Dale
East Sydney, GA 48773",N,miles
756,Andrea Pitts,041-94-6578,"Unit 5085 Box 9620
DPO AE 42282",N,hours
757,Jennifer Reyes,074-32-8799,"PSC 1552, Box 8602
APO AA 91552",N,miles
758,Thomas Williams,571-76-1440,"8645 Morris Manor
Torresville, MO 36424",Y,miles
759,Caleb Ortega,567-50-2317,"49621 Julia Estates Suite 393
Port Johnville, CT 06973",Y,miles
760,Diana Pena,845-04-0394,"68874 Scott Island Apt. 357
Evanschester, NM 70870",Y,miles
761,Lawrence Mitchell,879-10-1725,"8744 Michael Heights
Janeton, NH 49378",Y,miles
762,Christopher Dawson,525-09-8262,"474 Alicia Spurs Suite 808
Garciaview, MA 06410",N,hours
763,Whitney Aguilar,868-95-8911,"818 Melody Dam
South Michaelshire, MA 02093",Y,miles
764,Debra Charles,282-76-6572,"48790 Karen Points Suite 108
Gentryton, TX 98195",Y,hours
765,Ms. Robin Rodriguez,607-66-0378,"62507 Terri Fort
South Lesliefort, SD 34717",N,miles
766,Kent Turner,740-19-5281,"524 Peter Flats
North Wendyfurt, ND 71011",N,miles
767,Nicole Wilson,377-42-2174,"3930 Aguilar Mount
East Raven, MO 12857",Y,miles
768,Kim Zhang,893-95-2497,"314 Randy Vista
Kyliefort, MT 73951",Y,miles
769,Patricia Flowers,400-79-4139,"6282 Amy Shores
Megantown, MT 01612",N,miles
770,Dr. Taylor Gibbs,224-72-7573,"12820 Erik Corner
North Thomaston, AL 83157",N,hours
771,Sharon Thompson,028-88-2182,"468 Kim Villages
Morganborough, WV 28063",Y,hours
772,Alice Carter,237-27-5405,"084 Figueroa Centers Suite 256
Boydtown, GU 19308",Y,miles
773,Jessica Garza,254-19-3618,"549 Daniel Prairie Suite 836
Taraberg, MT 43165",Y,hours
774,John Robertson,581-22-2539,"76253 Gonzales Stravenue Apt. 928
South Erika, GA 67367",N,miles
775,Daryl Garcia,032-60-1754,"80093 Shawn Turnpike
Sharonmouth, CA 43383",Y,hours
776,John Curry,157-71-8713,"9364 Amanda Turnpike
Mauricebury, PA 50099",Y,miles
777,Donna Davis,086-35-4276,"444 Baird Skyway Suite 880
New Kellyfurt, NE 53494",N,hours
778,Martin Davies,545-92-6505,"432 Liu Knolls Apt. 953
East Karla, IL 26394",Y,hours
779,Evan Marshall,211-07-6410,"454 Tara Shoals Apt. 418
Barbaraport, AZ 56452",N,miles
780,Thomas Robinson,495-74-5992,"77108 Wilcox Rue Apt. 766
North Suzanne, ND 05277",Y,hours
781,Brenda Mcfarland,724-95-3870,"72053 Reid Key Apt. 311
Port Michael, CO 48225",N,miles
782,Nicole Valencia,302-36-8500,"792 Philip Wall Apt. 231
Port Lisa, SC 52204",N,miles
783,Crystal Baker,503-80-0885,"18962 Kyle Landing
North Lorifort, OR 04305",N,miles
784,Brenda Lewis,299-41-0832,"Unit 7618 Box 1019
DPO AP 62003",Y,hours
785,Nicole Leonard,867-04-9615,"5051 Angela Parkways
Mooreview, HI 31058",Y,miles
786,Joseph Welch,569-85-5988,"16328 Jones Stream Suite 854
South Brad, NV 59631",Y,hours
787,Gary Brown,241-81-9114,"7569 Crystal Mount Apt. 271
Palmerport, SD 25218",N,miles
788,Mark Meyer IV,696-15-2327,"35635 Daniel Neck Apt. 625
North Ashleyview, PR 62743",N,hours
789,Jean Hernandez,814-34-6683,"277 King Oval Suite 459
Stephanieberg, PA 12276",Y,miles
790,Diana Cox,310-76-6903,"14612 Davis Freeway
New Cory, OR 86884",N,hours
791,Melanie Smith,775-18-3593,"24852 Bob Causeway
East Laura, NC 20374",Y,miles
792,Toni Duffy,719-50-0151,"154 Susan Estate Apt. 294
Buckmouth, IL 87472",N,miles
793,Brian Myers,061-22-2340,"947 Armstrong Islands
Walterstown, TX 90032",Y,miles
794,John Edwards,762-71-3594,"003 Patel Square
West Andrewbury, CT 32201",N,hours
795,Timothy Carter,564-03-4235,"5448 Lucas Inlet
Griffithburgh, NE 47718",N,hours
796,Courtney Page,660-90-2805,"47943 Bell Pass Apt. 209
Port Jamestown, PR 49363",Y,miles
797,Robert Peterson,292-49-6649,"753 Cowan Hollow Suite 724
Port Dana, MO 34498",Y,hours
798,Alexander Thomas,290-80-0946,"997 Goodwin Shore Apt. 583
Brownshire, ND 81248",Y,hours
799,Kaitlin Martin,417-75-7468,"35672 Deborah Burg Suite 180
Michaelville, TX 28784",N,miles
800,James Alvarado MD,374-68-0835,"737 Hensley Valley
West Mistyshire, ND 75815",Y,miles
801,Kenneth Houston,447-62-5518,"288 Michael Mount
Bondbury, FM 58776",N,miles
802,Brittany Jimenez,720-82-4005,"6137 Neal Pine
Port Robert, SC 63357",N,hours
803,Stephen Meyer,024-68-4171,"1414 Tracie Ramp Suite 207
New Cristianstad, ME 83646",Y,miles
804,Felicia Wilcox,897-66-2362,"USCGC Rodriguez
FPO AE 60131",N,hours
805,Emily Russell,505-52-7879,"9770 Glenn Creek
Ashleyberg, IN 97877",N,miles
806,Nathan Martinez,117-34-2166,"USCGC Herrera
FPO AP 23212",N,miles
807,Thomas Rich,651-88-2759,"46836 Young Key Apt. 921
North Susan, OK 59219",Y,hours
808,Brittany Nelson,003-28-9482,"30694 Bartlett Well Apt. 416
East Sonyamouth, OH 49190",Y,hours
809,Donald Thompson,243-33-6034,"85827 Gregory Spur Apt. 978
New Matthewside, PR 24181",N,hours
810,Brad Miller,547-57-8789,"8728 Stacie Falls Apt. 102
Shannonstad, NH 91212",N,hours
811,Joseph Bass,209-67-2277,"1267 Wright Well Suite 891
East Sarahport, WY 23316",Y,miles
812,Beverly Nelson,208-15-2402,"76508 Palmer Mountain
Cherylhaven, CT 17988",Y,miles
813,Alex Williams,891-91-0103,"30494 Beth Hollow
Mollybury, MA 44682",N,hours
814,Austin Hill,763-20-9620,"4499 Edwards Ramp
Lake Kristine, OK 15342",N,miles
815,Mitchell Guerra,642-64-5062,"USS Whitney
FPO AE 53256",Y,miles
816,Wendy Stuart,891-79-7310,"818 Pennington Forges
Carolineton, AZ 94902",Y,hours
817,Kathy Welch,890-59-4140,"92756 Gonzalez Street
Rachelburgh, IL 25565",N,miles
818,Renee Smith,197-61-1160,"164 Scott Spur Apt. 597
North Colleenville, WI 54947",N,hours
819,Mary Williamson,500-98-6230,"2033 Lee Viaduct Apt. 605
New Christopherfurt, CO 27524",N,miles
820,Megan Jones,091-15-3787,"034 Young Trail
Butlerstad, MH 61329",N,hours
821,Stephanie Stark,686-97-7011,"USNS Turner
FPO AP 69503",Y,miles
822,Brian May,701-99-8146,"USS Villarreal
FPO AA 39222",N,miles
823,Mariah Cross,497-88-8958,"0914 Amanda Oval
Rodriguezstad, PW 60616",N,miles
824,Robert Willis,165-41-4644,"PSC 3141, Box 0816
APO AP 01072",Y,hours
825,Micheal Jones,281-16-7373,"207 Pratt Junctions
Ericaside, PW 14670",Y,hours
826,Adam Lopez,830-24-1563,"0184 Joshua Route
Robertburgh, WY 00947",N,miles
827,Danielle Decker,676-40-1429,"077 Louis Knolls Apt. 512
Jenkinsstad, CT 95065",Y,miles
828,Joshua Strickland,454-83-6586,"58903 Brian Mews Apt. 677
Port Amanda, DE 30745",Y,hours
829,Linda Collins,441-16-0784,"9975 Suzanne Skyway
Cassandraside, AZ 64319",Y,miles
830,Kimberly Patterson,066-47-7664,"55671 Arthur Camp Apt. 398
Nicholsfort, GA 81067",Y,hours
831,Joanna Collier,602-52-1414,"41416 Johnson Mission
Taylorbury, MN 51590",N,miles
832,Tara Carr,892-07-4796,"07390 Davis Meadows Suite 271
Connerberg, IN 30460",N,hours
833,Caitlin Merritt,515-41-4337,"7574 Mills Village
Lake Danielview, MT 64216",N,hours
834,Raymond Chavez,250-04-2486,"958 Browning Meadow
Griffithshire, AS 02347",N,miles
835,Dustin Reynolds,275-18-2136,"00343 Fleming Mews
West Cassandraside, MN 97639",N,hours
836,Sara Morrison,713-32-6801,"8793 Rhonda Squares Suite 099
Port Timothy, MP 57357",Y,miles
837,Laura Martin,146-61-8800,"08266 Stephen Wall Apt. 986
Nancyfort, AR 41840",N,miles
838,Stephanie Nichols,552-19-7323,"4929 Kimberly Mountains
Lake Jamesbury, VI 92370",Y,miles
839,Brittany Martin,653-27-8983,"4194 Austin Fields
Mirandashire, AL 14534",Y,hours
840,Anthony Clark,675-35-9295,"785 Bryant Shoals
South Malik, VA 51201",Y,miles
841,Stephen Johnson,281-19-3171,"05121 Devon Knoll Apt. 538
Josephstad, FM 30576",N,miles
842,James Jones,103-91-0643,"481 Paul Brook
Lake Shannonchester, MT 81198",N,hours
843,Matthew Williams,384-73-9728,"24761 Walker Land
East Christina, OK 59413",Y,miles
844,Jacqueline Acosta MD,245-35-6752,"718 Martinez Walk
Danielland, NV 14481",Y,miles
845,Robert Marshall,663-22-0326,"1173 Jackson Island Apt. 868
Georgebury, VI 17658",N,miles
846,Jonathan Nguyen,686-25-3940,"9164 Jennings Divide
Nicholasberg, AK 56079",Y,hours
847,Cesar Lee,067-38-9343,"2626 Lauren Parkway
Brendaton, ME 88985",N,hours
848,Mary Gonzalez,557-57-2641,"028 Jerry Crossing Apt. 150
New Joshuatown, WI 63021",Y,miles
849,Anthony Wilson,387-74-2296,"0876 Perez Causeway
Rodriguezhaven, CO 69256",N,miles
850,James Hampton,670-60-0762,"240 Doyle Oval Suite 564
Maryfurt, GA 66687",Y,hours
851,Kimberly Rodriguez,132-77-1118,"2168 Luis Isle Suite 714
Lake Christopher, WY 73279",Y,miles
852,Jonathan Mcconnell,132-35-8348,"457 Quinn Roads Suite 179
South Alison, DE 95191",N,hours
853,Jessica Benjamin,582-46-2076,"63147 Melissa Avenue
Port Brett, TX 94085",Y,hours
854,Daniel Torres,427-60-4844,"451 Wilson Ford Apt. 866
Port William, VT 48853",N,miles
855,Anthony Wilson,184-41-7335,"54076 Jeremy View
Lake Elizabethmouth, MO 49812",N,hours
856,Brittany Salazar,497-99-9465,"1063 Erica Port Apt. 761
Gonzalezville, NH 34771",Y,miles
857,Jennifer Stewart,024-24-3140,"9560 Kenneth Creek Apt. 407
Christinestad, HI 74149",Y,hours
858,Linda Robinson,882-18-5730,"354 Mcgee Key
West Jason, PA 92699",N,miles
859,Joseph Browning,373-52-4836,"6903 Morrison Locks Suite 302
North Jane, GA 30017",Y,hours
860,Lindsay Booker,601-32-4713,"51869 Shannon Gateway Suite 372
Devinshire, TN 03174",Y,miles
861,Scott Gibson,697-63-1603,"761 Clark Bypass Apt. 863
Christopherport, VA 74969",Y,miles
862,Brittany Wagner,896-17-3267,"16114 Price Springs Apt. 670
Jennifershire, MH 77676",N,miles
863,Cynthia Morton,772-65-0210,"65459 Koch Cape
New Katie, OK 72658",N,hours
864,Alex Richardson,781-37-8203,"49050 King Parkway
Port Audrey, NC 03580",N,hours
865,David Bridges,262-48-1317,"699 Martinez Islands Apt. 036
Russellmouth, VI 56361",N,miles
866,Kerri Miller,881-74-2594,"7441 Mary Walk
Frazierbury, TX 63854",Y,miles
867,Rachel Russell,400-88-0867,"4689 Jones Camp Apt. 480
Williamville, NC 02059",N,hours
868,Ann Nelson,476-32-4396,"992 Henry Groves Suite 065
West Markhaven, NV 89350",Y,miles
869,Joseph Curry,495-77-5325,"77646 Werner Turnpike Suite 139
Ernestville, SC 27861",Y,miles
870,Katherine Anderson,721-40-5170,"1242 Samantha Wells
Fosterchester, PW 76100",Y,miles
871,Rachel Garrison,790-59-1549,"USNS Herman
FPO AP 56319",N,hours
872,Joan Giles,718-72-6683,"19165 Stevens Islands
New Michaelfurt, NC 82772",N,miles
873,Emily Terry,736-66-9738,"57655 David Inlet
East Kelsey, TN 74923",Y,hours
874,Victoria Hawkins,714-72-8440,"6127 Matthew Manor Suite 421
Port Ronald, NH 56764",N,miles
875,Holly Johnson,604-56-3977,"23796 Schmidt Island
North Mariachester, OR 33738",N,miles
876,David Tucker,225-53-4313,"67950 Jennifer Mountain Suite 359
Lewisshire, CO 05780",Y,hours
877,Sarah Travis,377-43-6513,"165 Salazar Turnpike
Longland, PR 60153",N,miles
878,Dennis White,152-48-3548,"269 Brown Groves
Ashleyfort, FL 51685",Y,hours
879,Gregory Mckinney,630-26-9274,"410 Ashley Pass
Lisafurt, ND 86263",N,hours
880,Elizabeth Sanchez,381-04-5769,"Unit 1748 Box 0681
DPO AE 32039",Y,hours
881,Stephanie Garcia,728-33-0624,"252 Christopher Crossroad
North Roberthaven, NJ 86503",Y,hours
882,Robert Martinez,667-44-9009,"5175 Vaughn Meadow Suite 354
East Patriciaton, MD 36251",N,hours
883,Sandra Summers,567-59-7094,"6839 Williams Plains Suite 607
North Joseph, NC 44896",Y,miles
884,Beth Ortega,546-97-2419,"05631 Brown Avenue
Wilsonburgh, FM 42034",N,miles
885,Allison Webster,018-85-5533,"1556 White Spring Apt. 318
South Susan, AR 67189",N,hours
886,Kevin Kent,127-26-4038,"6092 David Islands
New John, ID 45121",N,miles
887,Brittany Ayala,205-46-5985,"124 Wood Ports
East Kellyshire, FL 08726",Y,miles
888,Andrew Foley,622-30-1901,"PSC 7514, Box 9961
APO AA 17257",N,hours
889,Rhonda Lee,394-98-5103,"35092 Maynard Field Apt. 956
Bellside, UT 28838",N,hours
890,Anthony Brown,825-47-4968,"2108 Latoya Gardens
North Sarahborough, NY 43317",N,hours
891,Michael Adams,842-15-6178,"01352 Hurst Lodge
West Patrick, MT 68735",N,miles
892,Rebecca Evans,720-88-6382,"442 Crawford Branch Apt. 715
Cruzshire, LA 65552",Y,hours
893,Kristy Gordon,789-05-1473,"75174 Wilson Common Apt. 790
Lake Anna, OH 15412",N,miles
894,Sarah Simpson,560-24-2657,"61756 Ashley Dale
West Mark, WA 46704",N,hours
895,John Roberts,891-81-5707,"6966 Newman Bypass
Christianmouth, HI 14733",Y,hours
896,Samuel Davis,685-86-8498,"084 Jon Pines
Randallmouth, IA 72258",N,miles
897,Denise Harris,706-01-1832,"90772 Gamble Center
Shawview, AL 55733",N,miles
898,Jeremy Brown,452-88-9727,"3060 Rosario Extension Suite 507
Jaimehaven, CA 25116",Y,miles
899,Ronald Jones,357-79-2027,"914 Julie Rest Apt. 952
West Jesseborough, WY 63159",Y,hours
900,Brandon Mason,574-74-9571,"8727 Theresa Locks Suite 935
Ronaldton, PA 19775",N,miles
901,Sean Wood,114-71-5693,"1726 Wilkins Place
New Carolineport, MD 47774",Y,hours
902,Mark Boyd,139-71-4049,"184 Tanner Mountains
East Julianton, NJ 04806",N,miles
903,Ronald Diaz,214-96-9126,"Unit 8507 Box 4950
DPO AP 62177",N,miles
904,William Sanchez,131-47-1865,"836 Alyssa Squares Suite 284
Carrillofort, PA 26601",Y,hours
905,Larry Beltran,566-73-7416,"PSC 4688, Box 9677
APO AA 97527",N,hours
906,Hunter Mack,268-89-0267,"611 Johnson Mount Apt. 938
Silvafort, PW 74749",Y,hours
907,Alexis Cole,207-73-0811,"Unit 7142 Box 2384
DPO AE 91906",Y,hours
908,Brian Reese,645-30-5079,"986 Perez Land Suite 469
Sarahton, AS 45024",Y,miles
909,Andrew Martinez,582-04-2210,"587 Angela Spurs Suite 864
Patriciatown, NJ 39743",Y,hours
910,Christopher Anderson,525-54-6395,"531 Carmen Street
Parkerhaven, SD 12317",Y,hours
911,Glenn Gonzalez,791-59-9688,"27841 Lydia Plains
Brettmouth, MN 44443",N,hours
912,Jerry Thomas,539-39-0118,"237 Kim Course
Port Rick, MD 76506",Y,miles
913,Kayla Fernandez,384-32-7687,"USCGC Hernandez
FPO AE 58772",Y,hours
914,James Hansen,182-37-5866,"77758 Hansen Station
New Kristin, NV 86316",Y,hours
915,Scott Fleming,195-42-8770,"279 Crystal Landing
Lake Angelaberg, SD 28525",Y,hours
916,Susan Dawson,222-25-6406,"558 Rachel Meadows
South Steve, DE 52787",Y,hours
917,Derek Johnson,320-50-1528,"104 Mcguire Shoals
North Jasontown, IN 34400",N,hours
918,Philip Patterson,706-26-8801,"1046 Washington Port
Markfort, VI 78405",Y,hours
919,Christina Grimes,891-41-6909,"168 Marissa Mews
Curryfort, AZ 23096",Y,hours
920,Nicole Nelson,092-20-6891,"71451 Knox Keys Apt. 941
East Ryanland, ME 51998",N,miles
921,John Gibson,578-65-3984,"38672 Stewart Terrace Suite 513
West Angela, VI 22344",Y,miles
922,Joshua Kline DVM,010-25-0945,"40840 Garza Fort
Johnsonville, NJ 93293",N,hours
923,Christopher Brennan,735-11-4212,"0435 Jason Road Suite 875
South Ana, VA 88238",N,miles
924,Stephanie Ellison,814-58-9796,"6251 Amanda Islands Apt. 071
North Tammyshire, WY 67568",N,hours
925,Amy Reynolds,545-29-1327,"88693 Catherine Flats Apt. 350
New Paul, IN 79661",Y,miles
926,Nathaniel Dunn,552-67-6391,"49751 Jackson Drives
Jonesbury, MA 47227",N,hours
927,Melissa Cooper,024-50-9968,"4324 Garcia Key
Patrickstad, KS 19970",Y,hours
928,Christy Reynolds,661-22-0287,"3248 Owen Valleys Suite 722
Port Jamiemouth, DE 62171",N,hours
929,Samuel Lee,314-60-7155,"PSC 2275, Box 7328
APO AA 87584",Y,hours
930,Cynthia Garcia,336-39-2088,"243 Bryan Falls
East Monica, MO 85855",Y,hours
931,Stephen Miller,485-82-5636,"104 Bush Summit
South Anthonybury, PW 55645",N,hours
932,Kendra Jackson,563-87-1881,"0545 Jacqueline Prairie
Theresashire, TX 76756",Y,miles
933,Michael Burns,867-79-7872,"6881 Henry Flat
Elaineview, GU 87751",Y,miles
934,Brandon Sanchez,546-59-5358,"Unit 7774 Box 0654
DPO AA 26377",N,hours
935,Harold Smith,681-07-6085,"693 Jason Streets Suite 304
Fieldsland, WI 39846",N,miles
936,Samantha Hodges,057-29-9388,"637 Mays Ports
New Theresa, ND 35984",N,hours
937,Cheryl Olson,225-30-3199,"34816 Monique Park
Johnstonstad, MI 11176",N,hours
938,Allison Miller,889-13-0098,"64518 Reed Vista
Graystad, OK 38837",N,miles
939,Nicole Walter,066-88-6378,"5846 Simmons Coves
Rebeccafort, OK 27496",Y,hours
940,David Bell,778-36-2561,"Unit 5916 Box 2470
DPO AA 43480",N,miles
941,Kyle Stevenson,463-70-4497,"109 Wilson Center
New Donna, MI 23196",Y,hours
942,Julie Johnson,441-36-0621,"419 Steele Ways
North Gary, NE 23961",N,hours
943,Jody Mason,622-20-7015,"PSC 9254, Box 7393
APO AP 19079",Y,hours
944,Dillon Compton,287-25-0734,"5923 Hurst Ranch Apt. 135
West Taylor, ME 36333",Y,miles
945,Michael Perez,105-94-3757,"07238 Holly Port Suite 293
Davidbury, MO 98345",N,miles
946,Maria Chapman,025-44-2326,"15237 Tucker Neck
South Michelechester, FL 01148",Y,miles
947,Brandon Burch,148-20-1888,"788 Bryan Extension Suite 609
New Jasonburgh, NH 64484",Y,hours
948,Wendy Berg,275-24-0148,"Unit 1789 Box 3798
DPO AE 24495",N,hours
949,Amber Orozco,374-24-6922,"5372 Dennis Way
South Jessicahaven, VI 50814",N,hours
950,Gregory Scott,459-69-7285,"07488 Diaz Rue Apt. 720
Lanemouth, RI 21416",N,miles
951,James Richards,370-33-3390,"5697 Rich Court
Taraton, VT 46781",N,miles
952,John Glass,150-59-1454,"45875 Farmer Run
Lopezbury, GA 18992",N,miles
953,Laura Williams,279-83-7433,"5871 Conner Parkways
East Staceyville, PW 34560",Y,miles
954,Warren Garrett,405-40-0554,"6475 Kaufman Forest
North Michael, SD 55189",N,hours
955,Kristi Simpson,157-36-4564,"416 Hunt Mission Apt. 736
East Rebecca, NY 80641",Y,hours
956,Ronald Ashley,597-53-7062,"6644 Steven Cape
West Charles, KY 66872",N,miles
957,Charles Thomas,537-96-8565,"46113 Joanna Squares
Christinaborough, OK 32657",N,hours
958,Justin Davis,887-62-7991,"194 Merritt Centers
Williamsfort, PW 46478",Y,miles
959,Cassandra White,326-20-2844,"503 Mayer Creek
East Kennethside, LA 04773",N,miles
960,Jessica Lee,546-42-2477,"796 Hill Fall
Moralesland, PW 15200",Y,miles
961,Suzanne Rios,144-64-2678,"00020 Christopher Burg
Salazarstad, MH 40164",Y,hours
962,Amanda Burnett,322-03-3576,"633 Barry Fords Suite 865
West Stephaniebury, NJ 11373",N,miles
963,Nicholas Johnson,752-45-0112,"36757 Bianca Inlet Apt. 880
West Jacqueline, CO 21996",N,miles
964,Brian Carr,393-75-7049,"005 Christine Extensions Suite 962
West Brenda, MT 49993",Y,miles
965,Janet Smith,011-45-1879,"46052 Munoz Dam Suite 446
New Diana, KS 73529",N,hours
966,Sarah Meyer,439-70-0772,"03833 Micheal Stream
Mitchelltown, OR 42102",Y,hours
967,Carlos Hogan,518-56-8654,"6591 Jones Locks Suite 930
Weaverchester, NJ 22760",N,miles
968,Patrick Tucker,726-40-9194,"24587 Courtney Port
Sydneyberg, AZ 55497",Y,miles
969,Vincent Arellano,529-18-9810,"11623 Frank Mall
South Lisa, UT 92630",N,hours
970,Richard Harris,428-72-5897,"7397 Cindy Vista Suite 923
Desireehaven, ME 27165",Y,miles
971,Nicole Weaver,316-78-5552,"2324 Mark Pine Apt. 373
Jeffreymouth, ME 35783",N,hours
972,Philip Williams,377-35-5100,"392 Warner Wall Suite 932
South Tinaland, HI 38779",N,miles
973,Evelyn Hansen,185-28-2151,"7671 Smith Shoals Suite 860
North Wesley, MI 44329",Y,miles
974,Jacob Rojas,499-50-5953,"456 Robinson Turnpike
East Karen, NY 19063",N,hours
975,Kelly Hill,126-51-5865,"93273 Wood Creek Suite 292
Williamsland, VA 56262",Y,miles
976,Jill Walker,484-96-2254,"37620 Lopez Isle
East Michaelborough, PW 97942",Y,hours
977,John Miller,643-02-3315,"920 Pamela Landing
Port Travisville, SD 73025",Y,miles
978,Mary Williams,091-41-2736,"34367 Jennifer Groves Apt. 038
Jeremyhaven, NM 42794",N,hours
979,Michael Diaz,756-51-3018,"50382 Donaldson Motorway
Lake Michaeltown, MI 24059",Y,miles
980,David Gomez,018-25-7601,"6628 Anna Brooks
Vasquezton, MS 43676",N,miles
981,Roger Medina,398-94-7651,"87637 Dustin Squares
North Jameshaven, VI 95299",N,hours
982,Robert Baker,702-70-5469,"USS Lopez
FPO AE 87377",Y,hours
983,Jeffrey Wood,220-88-9649,"038 Snyder Mission Suite 851
Port Tonyamouth, WY 51680",Y,hours
984,Paul Diaz,830-60-9878,"8464 Whitney Fort
Heatherville, WY 11439",Y,miles
985,Haley Durham,787-45-2992,"3609 Carol Ridges Apt. 249
Matthewside, KS 26905",N,hours
986,Amanda Herrera,324-48-8294,"967 Solis Oval Suite 072
Lake Davidburgh, MS 06769",N,miles
987,Kayla Serrano,825-47-3149,"93856 Horn Light Apt. 363
Gomezborough, TX 87648",N,miles
988,Benjamin Atkins,478-43-4598,"28034 Scott Tunnel
New Andreberg, DC 65196",Y,hours
989,Michael Taylor,556-80-4670,"9484 Jessica Summit
Villarrealborough, CT 21178",N,hours
990,Jason Robinson,298-58-3297,"0093 Martin Coves Apt. 199
Leonardhaven, IL 71500",N,hours
991,Sarah Lloyd,829-30-7400,"30018 Peterson Estates
Cindyfurt, NC 55074",Y,miles
992,Mr. Leslie Flores MD,840-93-0237,"PSC 0129, Box 6832
APO AP 04135",Y,hours
993,Mr. Robert Patterson,107-40-8940,"258 Brown Throughway Apt. 959
Laurenberg, WY 73765",Y,hours
994,Lori Carter,292-09-7721,"3476 Archer Stravenue Suite 798
East Lisa, NV 54026",Y,hours
995,Justin Brown,183-52-8385,"9359 Michael Point
Katherineberg, IN 66616",Y,hours
996,Nathan White,273-97-8844,"60538 Jaclyn Lakes Apt. 655
New Samuel, SD 29583",N,miles
997,Stephanie Charles,413-34-5659,"67736 Andersen Streets
New Rebecca, UT 29083",N,miles
998,Joseph Neal,189-13-9663,"83274 Gardner Fork Apt. 013
Bethbury, WI 22147",N,hours
999,Alicia Larson,391-96-4273,"7901 Savannah Key Apt. 303
West Suzanneside, MP 72896",Y,miles
1000,Kevin Miller,070-19-6103,"53156 Jon Crest Apt. 916
Lake Charlotte, AL 74982",Y,miles
1001,Jessica Petersen,517-77-5316,"Unit 2498 Box 8735
DPO AA 67072",N,miles
1002,Johnathan Wong,641-55-6751,"71494 Steven Passage Apt. 780
Aguirretown, KS 98304",Y,hours
1003,Travis Cook,064-61-6970,"4142 Mendez Junction
North Meaganton, PR 43729",N,hours
1004,Linda Cruz,588-57-4701,"281 Chase Mount
Harrismouth, TN 14239",N,miles
1005,Brittany Simmons,330-19-3993,"5699 Gary Port
Mejiabury, MN 63661",N,miles
1006,John Ruiz,368-76-5225,"305 Park Centers Apt. 362
New Kevin, WV 88691",N,miles
1007,Ronald Ruiz,569-21-1459,"1857 Jackson Path Suite 905
Myersmouth, DC 42883",Y,hours
1008,Sarah Stark,128-51-2003,"31842 David Pine
South Erik, MH 64297",Y,hours
1009,Corey Walter,579-04-6370,"23139 Price Hollow Suite 870
Curryborough, AL 29243",Y,miles
